product_id,last_visited
AH2430,5/19/2018 15:13
G27341,11/29/2018 16:16
CM0081,2/1/2018 10:27
B44832,9/7/2018 20:06
D98205,7/18/2019 15:26
B75586,1/30/2019 12:09
CG4051,3/22/2019 16:36
CM0080,3/10/2019 1:46
B75990,5/29/2018 8:16
EE5761,11/29/2019 17:22
EE4553,6/26/2018 23:34
EF9315,1/11/2019 9:57
F35281,3/6/2019 14:49
EF9220,
EG0000,7/14/2019 4:47
B44889,
CL7417,1/29/2018 10:02
CL7408,5/22/2018 2:28
B43601,12/11/2019 20:21
EE8245,12/17/2018 4:17
EE8042,11/15/2019 13:40
CL7429,2/10/2020 13:54
CL7370,
EE9946,12/6/2019 0:47
CK9741,6/2/2019 17:23
CL7363,11/18/2018 2:27
CL7372,5/22/2018 14:19
CL7430,10/15/2019 17:42
F34485,11/6/2019 0:34
CL7365,2/14/2018 22:21
CL7373,4/10/2020 1:10
CL7364,2/22/2018 23:54
CL7374,11/11/2019 18:49
EE8167,1/11/2018 8:51
CL7410,3/5/2019 16:26
CL7401,3/14/2018 0:47
EE8219,6/7/2019 17:12
CL7402,7/26/2018 6:40
EE9929,12/7/2018 0:42
EE8221,
EE8224,8/26/2018 1:19
EE9941,1/17/2018 1:47
EE8522,1/5/2020 3:38
EE9932,2/15/2020 13:43
EE8375,
EE9798,6/27/2018 0:53
EE8502,1/16/2019 0:33
EF0450,1/8/2020 11:57
CL7375,5/10/2019 12:26
EF0446,1/24/2019 7:22
EF0529,5/17/2018 13:11
EE9940,3/29/2018 16:02
EE4954,3/19/2020 2:30
G27996,8/10/2019 8:32
CL4156,4/12/2020 7:09
EE4893,6/27/2018 20:38
EE9937,11/20/2019 21:23
G27649,11/5/2018 18:12
EE9797,2/21/2020 4:01
CI9914,8/9/2018 5:06
EE8252,6/18/2018 19:23
CK9664,
EE8501,8/14/2018 19:24
CL7602,4/10/2019 22:45
CL7494,4/8/2020 0:27
EE7923,6/20/2018 18:47
EE5566,9/19/2019 14:58
CI1821,
CJ0082,5/5/2019 13:56
CJ8062,5/18/2019 4:46
EE6038,4/16/2018 23:48
CM0068,1/18/2019 1:16
CK9830,10/10/2018 23:22
CJ0080,9/24/2019 18:44
EG4957,1/18/2020 8:57
BD7438,
B75579,2/1/2019 16:49
CM0057,1/15/2020 7:13
CL0206,
CJ8058,10/21/2019 15:54
BZ0086,7/5/2019 15:23
CJ8117,4/8/2020 5:43
CJ8073,
CL7551,8/6/2018 16:32
AC8122,2/21/2019 12:08
CM8453,10/5/2018 13:01
EE3625,9/12/2018 13:20
CM0031,1/24/2018 11:32
EE7697,12/27/2019 2:23
F36159,8/5/2019 4:46
F35028,12/24/2018 14:02
AC7042,
CJ8053,2/2/2019 21:47
BC0836,10/2/2018 11:17
F35275,
CJ8115,11/7/2019 8:10
CJ8089,12/20/2019 5:48
EE6128,6/12/2019 17:01
CJ8118,7/5/2018 9:01
CL7328,2/5/2019 3:46
CL7470,10/23/2018 12:53
CL7541,10/2/2019 0:32
CL9928,1/20/2019 1:59
CM0045,3/21/2019 23:29
CL7599,9/24/2018 9:44
CM0069,5/24/2018 12:24
CL7511,1/3/2020 1:36
CL7552,12/22/2019 22:19
EE9816,9/23/2019 5:52
CL7545,10/17/2019 14:28
EE5060,7/25/2018 21:27
F36718,11/28/2018 15:15
CL9927,2/19/2020 0:40
CL7285,
CL7471,1/14/2020 16:44
B96360,1/2/2019 15:17
EE5778,5/7/2018 12:14
EE4519,1/24/2019 0:47
EE4504,10/13/2018 23:47
EE4697,1/26/2020 17:05
CM0044,8/19/2018 8:41
EE6045,12/6/2018 14:10
CG6091,4/26/2018 3:41
G27834,2/19/2020 8:34
CL7598,7/19/2018 3:30
EE4709,5/21/2018 2:46
EE4948,6/4/2019 23:22
EE9671,4/18/2018 4:46
EE7046,1/18/2019 1:16
EF0451,12/22/2018 0:09
EE4561,9/4/2019 10:15
CL7601,
CL7330,8/17/2018 23:46
CM6625,4/26/2018 12:54
FV3395,
EF9317,
EF4954,7/29/2018 8:24
EE7104,
FV4070,10/21/2019 19:51
FV3918,10/28/2019 7:13
EE5055,10/15/2018 8:42
CM6626,8/28/2018 13:53
CQ2030,1/22/2018 8:11
EE5292,2/28/2018 11:34
BD8041,6/1/2019 0:34
B37719,12/12/2018 12:22
EE4505,12/3/2018 12:26
CM0072,1/10/2019 12:53
EF0795,2/10/2018 18:17
EE5875,2/10/2020 6:00
EE4947,10/9/2019 10:17
CM6627,3/10/2019 4:24
CQ2039,4/7/2018 22:33
CG6193,2/7/2018 19:11
S82260,12/31/2019 7:46
EE4945,2/20/2018 23:11
EE7155,1/30/2019 14:47
B44846,10/13/2019 7:46
EE6044,7/2/2018 20:27
EH0192,12/31/2019 18:18
EE7045,10/27/2019 12:47
CL7646,5/18/2018 10:15
CL7346,3/6/2020 18:15
EE5777,12/9/2019 9:06
AQ1210,8/16/2019 2:47
EF5925,2/3/2020 4:09
EE7032,7/1/2019 20:32
EE7708,9/16/2018 5:33
AQ1119,
F34311,6/8/2019 23:29
CL7645,9/7/2018 4:18
EE5089,5/5/2019 2:05
CL7565,2/13/2020 23:32
G27727,11/16/2018 10:57
B44697,10/27/2018 1:09
CL7400,12/9/2019 6:28
CL7437,10/18/2018 15:42
CL7563,10/24/2018 9:57
CL7460,6/13/2018 7:43
CL7507,6/19/2019 21:30
CM0061,7/24/2018 20:26
F34308,7/6/2018 11:21
CL7506,4/6/2019 5:31
CL7344,10/20/2018 8:31
EE5318,1/2/2018 12:52
CL7564,4/29/2018 18:35
CL7439,3/27/2020 10:38
CL7345,7/16/2018 20:12
CL7644,9/29/2019 1:26
CL7438,12/12/2019 21:22
CK9843,2/6/2019 4:47
EE8738,7/31/2019 6:16
CL7576,12/26/2018 13:26
CL7482,8/30/2018 23:49
EE6129,12/6/2019 4:44
EG3290,3/19/2019 4:20
CL7467,2/22/2019 5:15
EF1426,4/5/2019 11:05
CL7264,
CL7472,1/22/2019 19:49
CL7560,3/4/2019 6:12
EE4574,3/17/2018 6:28
CL7445,5/30/2019 6:26
CL7404,1/14/2020 6:12
CL7515,
EE4763,2/7/2019 0:32
CL7616,8/17/2019 16:58
CL7591,8/3/2018 2:57
CK9831,3/21/2020 17:42
EF2508,12/20/2019 13:42
CL7495,10/26/2019 23:37
EE5592,3/26/2019 12:46
EE5398,5/9/2019 14:03
EE5304,5/27/2019 17:52
EE7242,11/24/2018 7:14
CM0064,6/3/2018 23:53
EE7885,10/24/2019 17:38
CM0049,3/17/2018 15:41
CL7548,6/1/2019 3:12
CK1088,4/27/2018 7:20
CL7263,3/9/2020 1:33
CL7483,3/24/2020 6:16
F34340,4/12/2018 3:56
CL7590,3/19/2019 6:58
CM0030,3/24/2018 0:25
CL7468,9/13/2018 7:46
EE8076,3/16/2020 23:09
CM5955,7/3/2019 12:02
B44870,2/15/2020 18:59
CL7265,1/20/2019 13:50
CL7484,11/24/2019 17:33
CL7537,1/27/2019 23:35
EE8088,1/10/2019 15:31
CL7577,
CM0058,8/23/2019 3:19
EE7698,3/8/2020 18:58
CM0009,8/26/2019 6:22
EE7884,1/7/2020 12:15
F36922,9/11/2018 8:22
DB3114,2/24/2019 3:20
F36217,2/5/2020 16:43
EE8272,6/18/2019 3:22
CL7538,7/4/2018 2:44
EF0695,10/13/2019 3:49
DB3599,11/18/2018 3:46
CL7321,5/28/2019 22:50
DB2117,3/23/2018 9:56
EE4698,12/18/2019 20:53
B28166,4/5/2018 8:40
DB3259,2/24/2020 22:52
EE5534,9/18/2019 6:03
EF0811,5/23/2018 2:10
CK9723,9/6/2019 4:23
CL7322,2/9/2019 18:22
CG6021,1/21/2018 7:10
CG6188,6/29/2018 22:40
BD7685,2/9/2018 6:44
BD7475,8/23/2018 16:42
EF9226,7/31/2019 19:26
F34668,11/26/2018 23:45
EE8257,3/7/2019 15:50
B37973,4/3/2019 16:57
EE7068,9/28/2019 1:44
EH1363,1/7/2020 8:18
EE5772,8/29/2018 17:32
CG6104,11/18/2019 20:40
EF2437,12/14/2018 6:30
CM0070,3/5/2020 18:33
D96760,1/26/2019 22:34
CM0077,1/27/2019 7:47
CM0091,5/14/2019 23:05
CL7550,10/17/2019 10:31
F36675,
EF1065,6/7/2019 6:40
EH1361,3/23/2018 2:02
CL0243,2/21/2020 0:04
CG6177,4/1/2020 20:59
FV3288,6/17/2019 20:47
EE4949,11/27/2019 7:26
BB2344,6/22/2018 10:17
EE6080,8/4/2018 6:36
EE6047,10/28/2019 1:57
EF0078,6/19/2018 7:14
EE5565,10/11/2019 22:51
EF4965,11/8/2018 8:05
EE4946,7/15/2018 4:42
B37090,2/2/2020 0:30
F36516,7/27/2018 15:35
DB3112,7/24/2018 5:57
EH1366,3/1/2020 22:23
CG6164,6/8/2019 9:00
EE4959,10/4/2018 2:47
EF2438,3/29/2018 2:52
F35567,10/9/2019 10:17
EE8165,2/1/2018 10:27
EE5846,2/11/2019 3:17
F34846,9/27/2018 3:34
B41663,2/20/2019 12:26
CK9690,10/13/2018 10:37
EE7927,1/25/2020 12:07
CK9688,5/19/2019 21:35
CK9424,2/23/2018 17:01
CK9430,8/12/2018 23:57
CG6228,11/22/2019 10:15
DB3600,4/7/2018 14:39
EE9892,2/28/2018 15:31
CL7461,7/18/2019 12:48
CK9678,2/13/2018 0:16
CK9696,3/12/2019 6:26
CK9695,1/10/2020 7:24
CK9683,7/31/2019 1:00
CK9692,8/16/2018 10:54
EE7919,
CL7517,7/29/2019 16:05
CK9698,11/16/2019 5:28
CK9418,3/30/2020 18:57
EF0322,9/17/2019 14:15
CK9427,3/4/2018 14:19
EF0437,1/24/2018 4:57
EF0435,3/15/2019 17:23
CJ8090,7/31/2019 19:26
CL7542,2/27/2019 7:42
CL7311,8/8/2018 17:15
EE8028,3/5/2018 12:42
CL7398,
CL7306,1/8/2019 0:19
CK9697,9/8/2018 17:10
CI9915,4/8/2018 2:30
CK9590,8/23/2019 12:32
CL7458,10/20/2018 23:00
CI9913,
CL7459,2/27/2018 1:20
CI9991,9/11/2018 21:32
F36996,5/27/2018 15:27
CJ7974,4/6/2019 5:31
CL7588,2/3/2018 20:23
CL7407,10/12/2019 14:39
CL7406,10/16/2018 16:18
CK9420,12/11/2019 13:46
CL7389,7/18/2019 7:32
CL7516,2/8/2018 22:50
CI9989,5/1/2019 8:33
CL7405,12/29/2018 2:00
CL7473,11/19/2018 21:54
CJ8110,7/16/2018 10:59
CJ8019,3/15/2018 5:45
CK9604,2/15/2020 17:40
CK9431,2/8/2020 21:05
EE7289,12/28/2018 4:56
B75580,9/29/2019 15:55
CK9432,4/6/2018 9:41
EE4925,10/25/2019 9:26
EE4953,1/14/2020 20:41
CL7469,8/24/2018 5:52
EF8858,9/7/2019 21:12
EF9219,1/26/2020 18:24
CL7513,5/2/2019 21:25
EE7098,1/4/2018 0:25
CL7425,4/7/2020 9:58
CL7508,8/29/2018 7:00
EE7292,12/4/2018 18:43
CL7589,1/18/2019 17:04
CJ8061,5/7/2019 17:17
EE5847,3/2/2020 2:20
CK9686,8/13/2018 17:04
EE4567,11/19/2018 20:35
EE5585,9/11/2018 18:54
B96519,3/14/2019 16:22
B96563,5/1/2019 5:55
CL7547,10/26/2018 1:27
EE4563,2/5/2019 3:46
CK9714,10/10/2019 20:31
F36475,1/6/2018 23:31
FV8794,9/14/2018 3:31
EE5177,3/7/2019 11:53
CL7582,1/12/2019 16:14
F36339,1/11/2018 2:16
EF1963,1/23/2020 11:24
F34442,2/27/2020 8:48
EE9933,11/4/2019 1:10
EE6090,11/17/2019 6:29
B75583,12/12/2018 3:09
EE7922,11/30/2018 17:17
EE5081,6/27/2019 23:03
EE4678,
CM0076,12/29/2019 20:13
B28156,10/12/2018 1:42
EF0527,1/15/2019 0:51
EE4566,
EE8302,9/17/2019 23:28
CM0075,2/16/2019 0:28
EF0152,7/7/2019 21:22
CM0093,10/8/2018 0:16
F36218,6/11/2018 5:41
CM0083,7/13/2018 10:34
CM0078,3/28/2018 15:01
CM0079,4/10/2018 13:45
CM0074,
CM0073,8/14/2018 22:02
CM0092,2/25/2019 21:28
EG8672,1/29/2020 17:30
EG8480,5/26/2018 9:10
EG3148,10/29/2018 7:08
CM0082,9/21/2019 13:03
EG3185,2/5/2018 6:37
EG4006,8/29/2019 12:03
EG4007,9/29/2018 22:43
EH1178,3/6/2019 18:46
EG4316,9/7/2018 2:59
EG3253,10/15/2019 4:32
EG4314,3/6/2019 6:55
EH1379,7/2/2019 21:33
EH2586,1/4/2020 19:44
EG3698,10/11/2019 13:38
EH0165,7/11/2018 4:35
EH1211,11/14/2019 21:52
CK9665,2/21/2020 4:01
CK9663,12/23/2018 3:48
EG3953,4/28/2019 13:24
EG4176,11/24/2018 13:49
CI9916,2/3/2020 6:47
EG4175,7/14/2018 20:48
EG4004,2/6/2019 11:22
CJ8068,10/9/2018 3:55
CK9681,4/12/2019 23:28
EE9731,7/12/2019 8:01
CK9591,4/22/2019 17:50
CK9648,9/3/2019 23:43
CK9602,6/26/2019 16:46
F34491,10/31/2019 20:48
CK9693,2/6/2020 4:34
CJ8013,8/12/2019 2:40
CL7567,5/16/2018 10:51
CK9694,10/23/2019 0:49
CL7604,4/14/2018 20:27
CL7488,2/6/2020 8:31
CK9436,10/31/2018 22:20
CK9592,2/12/2019 14:50
CL7366,7/8/2019 3:57
CK9661,4/18/2019 9:49
CK9650,8/26/2019 20:51
CL7415,1/20/2020 8:21
CL7626,9/28/2018 3:16
CJ7990,3/8/2018 22:20
CL7534,8/6/2018 19:10
CL7413,5/31/2019 2:11
CK9500,8/31/2018 16:56
CL7369,6/26/2018 19:37
EE8156,2/4/2020 14:23
CL7607,6/9/2019 20:33
CL7385,10/16/2019 23:59
EE9856,2/16/2019 3:06
EE8260,11/8/2018 0:11
EE8448,3/15/2019 12:07
EE8181,2/29/2020 8:12
CK9682,7/15/2019 20:17
CL7377,10/21/2018 1:38
CL7605,
EE9734,6/5/2019 4:38
EF1053,9/30/2019 10:21
EE7925,2/12/2018 9:47
CL7614,6/3/2018 8:05
EE9847,7/24/2019 8:22
EG3289,12/28/2018 14:09
CL7615,5/12/2018 17:19
CL7276,10/10/2018 4:56
CL7453,1/2/2020 21:39
CL7329,10/14/2019 12:44
CL7387,8/13/2018 14:26
CM4762,1/2/2019 17:55
CM4984,2/28/2020 5:52
CM4691,1/28/2020 12:32
CM4826,2/1/2020 10:01
CM0015,1/23/2019 12:56
EE8603,9/15/2018 15:04
CL7496,9/8/2018 17:10
EE8444,5/18/2018 10:15
CM4827,11/27/2018 12:55
CM0014,5/21/2019 13:05
CM4737,8/7/2019 8:07
EF0440,5/9/2018 11:38
EE9748,
EG4223,5/8/2018 9:18
CM0013,5/15/2018 8:31
B44880,7/8/2018 21:17
F34876,11/7/2019 21:20
EE8836,4/6/2018 4:25
EF0523,
EH1858,9/20/2018 9:37
EG3821,2/13/2020 11:41
EF4458,2/14/2020 19:17
EG3291,4/24/2018 12:11
EF5928,10/15/2018 8:42
EH1859,1/10/2020 21:53
CM4828,1/6/2018 5:05
EG3295,3/23/2020 13:09
CM4985,6/2/2018 4:26
CM4964,
CM4690,3/24/2018 17:32
EF4970,2/20/2019 9:48
CM0010,6/10/2019 22:53
EF6877,
FW6635,8/20/2018 14:58
CM4760,3/2/2019 17:20
DB3258,3/16/2020 21:50
EF4375,2/13/2018 8:10
EE7159,3/7/2018 2:53
CM4983,9/12/2018 18:36
EE8925,6/10/2018 19:09
G27722,5/24/2019 1:39
EG2012,12/18/2019 20:53
EG9825,
EF4966,2/2/2019 20:28
EH1389,5/12/2019 10:31
EG9824,4/10/2019 0:22
EF6058,12/29/2018 3:19
EF6508,3/11/2019 18:35
EG5475,4/21/2018 17:02
EF5320,
EF5642,
EE7160,10/30/2019 19:47
EF5547,12/29/2018 19:07
EG7753,12/15/2019 0:43
EF5549,2/3/2019 12:16
EF5314,5/12/2018 23:54
EF4933,
EG9829,4/24/2018 5:36
EG7876,12/2/2018 15:22
EF4935,8/8/2019 5:11
EF4983,3/27/2018 12:41
EG9053,8/16/2019 9:22
EF4374,3/2/2019 13:23
EH3522,9/16/2019 17:11
EG0576,2/5/2018 7:56
EF6507,5/6/2018 4:38
EF5386,12/31/2018 19:50
CL7520,10/14/2018 6:22
EG0578,9/18/2019 19:13
EG6920,1/6/2019 21:59
EG6846,
EE9854,6/13/2018 22:12
CL7456,10/18/2019 10:13
EE9733,10/1/2018 14:13
CL7333,11/7/2019 9:29
EE9729,9/22/2019 2:13
EG6845,8/4/2018 22:24
EE8202,10/20/2019 4:21
CL7361,1/9/2019 17:08
EE8265,12/5/2018 22:22
EE8604,2/4/2019 23:49
EF1052,2/1/2020 3:26
EF1051,
EE9732,7/2/2018 3:20
EF0433,5/24/2018 12:24
EE9895,5/11/2018 11:02
EE8128,1/14/2019 6:25
EE7928,8/12/2019 5:18
EE9266,10/2/2019 12:23
CL9915,3/10/2019 7:02
CL7533,5/15/2018 0:37
CM0012,
CM0032,3/17/2018 17:00
EE8200,4/28/2019 6:49
CL7332,4/18/2019 19:02
F37008,10/21/2018 2:57
EE9728,
B75581,3/27/2020 9:19
F34851,1/5/2018 22:30
EF0434,9/26/2019 2:20
CM0008,7/15/2019 7:07
CL7487,8/2/2018 11:09
EE8212,1/3/2020 6:52
CL7465,3/1/2020 9:13
EE9758,6/6/2018 13:46
CL7334,11/17/2019 22:17
EE9735,3/5/2020 1:26
CL9925,1/15/2019 3:29
F34820,10/10/2019 20:31
CM0023,9/24/2019 10:50
EF0584,4/21/2018 7:49
CL7307,3/7/2018 10:47
BB7066,3/6/2019 13:30
CM0033,5/8/2018 17:12
CL7443,10/22/2018 6:36
CL9962,9/1/2018 8:44
CK9685,10/5/2018 5:07
CJ7959,5/2/2019 5:37
CL7546,1/23/2020 11:24
CL7286,1/30/2018 11:03
CJ8018,1/14/2018 22:26
CK9447,3/18/2020 22:33
B96555,2/20/2019 15:04
G28939,2/1/2019 15:30
FV3428,1/3/2020 6:52
FV3289,7/15/2019 20:17
CK9528,2/2/2018 18:03
CK9603,2/10/2019 2:16
CL7566,2/19/2018 9:00
FV3671,1/1/2018 19:45
FV3335,5/20/2019 2:51
FV3675,9/4/2019 23:25
EG8690,8/12/2018 16:03
F36642,10/19/2019 11:14
CG4045,2/11/2018 10:05
CL7633,12/18/2019 5:05
FV3334,6/11/2018 20:10
FV3361,
EG5345,12/26/2018 18:42
FV3353,12/12/2019 21:22
FV3187,4/3/2019 5:06
FV3631,8/26/2019 20:51
FU7134,3/13/2019 4:49
FV3374,6/22/2018 11:36
FV3336,8/12/2019 7:56
FU9352,8/28/2019 17:37
FV3327,3/27/2018 3:28
FU9350,3/12/2020 20:24
FW1646,11/15/2019 0:30
FV3186,4/21/2018 15:43
FV3294,2/2/2019 20:28
FW9618,3/23/2020 7:53
FV3352,1/5/2019 9:07
FW1647,10/11/2019 11:00
FW8423,8/1/2018 8:49
EE6822,4/6/2020 2:22
FV3290,8/30/2019 3:51
FV3305,
EE8081,8/16/2018 8:16
B37680,1/8/2019 16:07
CG6270,11/15/2018 23:06
CQ2031,
CG6037,5/19/2019 3:09
EF3539,10/16/2018 21:34
EE4919,4/11/2020 10:05
FU9349,11/18/2019 6:11
CL9960,2/14/2020 6:07
EF0091,12/26/2018 2:54
CL9968,
F33805,1/8/2020 9:19
EE6031,3/12/2019 19:36
BC0033,6/21/2018 23:45
EE7030,
EE4923,6/13/2019 18:02
EE6089,10/7/2019 1:40
EE6108,
CQ2460,6/16/2018 14:43
B37681,3/6/2018 17:40
CQ2035,12/13/2019 5:16
CG6618,11/9/2018 1:12
FV3667,5/11/2018 9:43
CQ2044,4/13/2018 23:23
FW9617,
CM4692,9/9/2019 19:17
B44619,10/13/2019 19:37
CP9514,5/19/2018 12:35
FV6058,12/19/2018 15:32
G27720,1/9/2018 4:11
CQ2333,
FV6057,12/11/2018 15:18
FV6056,3/6/2020 20:53
EE5521,11/29/2019 2:53
B37974,9/23/2019 20:21
BD7575,
EE7026,12/9/2018 13:16
EE6256,
CM4548,10/28/2018 3:29
G54050,4/10/2018 13:45
CI1741,2/5/2018 11:53
EE6660,4/21/2019 2:20
EE7243,8/31/2019 23:18
EE6668,1/17/2018 17:35
EE5086,1/17/2018 11:00
CM0027,3/2/2018 3:04
EF8973,1/14/2018 5:19
G28940,6/30/2018 14:28
CJ8059,1/5/2018 1:26
CI9941,8/20/2018 12:20
CL4158,3/20/2020 10:06
BB3293,6/29/2019 2:42
EE5640,5/9/2018 7:41
CM0063,9/8/2019 13:00
CL9946,2/14/2020 17:58
CM0071,12/12/2019 22:41
CM0051,4/18/2018 16:37
CM0087,8/16/2019 5:25
CM0048,9/10/2019 9:46
CM0062,7/13/2018 10:34
G28449,6/21/2018 0:03
CM0086,2/16/2019 4:25
CL7643,5/17/2019 6:23
CM0067,7/21/2018 1:35
CL7559,5/17/2019 5:04
CJ7994,8/24/2019 5:39
CM0059,3/21/2020 9:48
CL7462,2/9/2018 2:47
CK9680,10/4/2018 8:03
CM0024,3/12/2019 11:42
CL9924,12/28/2019 9:59
F34564,11/21/2018 14:43
CJ7972,8/24/2019 1:42
CL7283,6/29/2018 6:52
CK9465,3/19/2020 7:46
EE9514,6/30/2018 13:09
CM0047,4/24/2018 14:49
G27026,11/10/2019 17:48
F36338,12/12/2019 5:34
CJ8077,9/14/2019 15:09
CM0028,2/16/2020 13:25
CL9939,10/26/2019 22:18
CM0056,5/7/2018 9:36
CL9916,8/12/2019 6:37
CL9950,3/6/2019 4:17
EE9973,1/14/2020 2:15
CL7359,3/11/2020 15:26
BB7614,5/2/2018 15:03
CL9965,6/14/2018 21:54
CQ1176,6/16/2019 5:17
CL9913,6/29/2018 13:27
EE8115,
EE7497,11/18/2019 23:18
F97209,
EE8114,12/19/2018 2:22
CM0046,8/16/2019 6:44
EF0133,7/17/2018 10:41
EE9969,9/7/2019 1:27
EG8062,3/8/2020 12:23
EE9867,12/27/2018 17:05
EE6187,1/25/2018 21:46
EF1037,3/11/2019 21:13
EE9833,2/28/2020 11:08
EE9835,12/7/2018 2:01
B96508,9/28/2019 9:38
AQ1136,5/6/2019 7:03
CQ2029,12/17/2018 16:08
EE9862,5/25/2018 2:53
EE8325,1/21/2019 3:00
BY2976,3/17/2020 13:38
EE9970,6/8/2018 7:54
EE9840,
EF0130,12/16/2019 16:13
F34882,9/24/2018 13:41
CQ2042,2/12/2020 13:18
B37538,
EF0135,9/17/2018 2:37
AQ1141,8/23/2018 11:26
BD8017,5/10/2019 5:51
EF1036,1/3/2019 3:08
FV3914,3/18/2018 20:39
B28041,10/10/2019 4:43
B37534,10/3/2018 4:24
EF1899,10/1/2018 5:00
EE5615,1/13/2019 18:34
CQ2034,3/6/2019 4:17
EF4457,
CQ2530,9/6/2018 20:24
EE8220,12/31/2019 11:43
EE5182,12/31/2018 9:18
AW4212,3/5/2018 17:58
CG6025,10/3/2018 18:53
EE5175,7/15/2019 5:48
CG6142,10/16/2018 11:02
EE5917,6/19/2019 9:39
EE5567,9/6/2019 1:45
DA8966,5/19/2019 1:50
EE4679,1/13/2018 20:06
F34751,4/29/2019 3:53
EE4682,2/26/2019 18:32
F36389,
CK9720,9/24/2018 22:54
CG3527,3/16/2018 15:59
EF3533,1/24/2018 18:07
CK9728,9/30/2019 20:53
BB7218,3/24/2020 14:10
BB2270,6/1/2019 13:44
BB7235,1/31/2020 2:25
BB7231,12/1/2018 7:46
BB7219,3/31/2018 0:57
CL4155,3/2/2019 8:07
EE5876,
EE5303,
EE4938,8/20/2019 6:51
EE5179,2/26/2019 1:25
BZ0632,5/5/2018 10:12
CM4550,
CL9934,11/1/2019 20:30
CL7379,12/23/2018 1:10
CL9919,7/7/2019 10:50
G27860,3/4/2018 1:09
CJ3412,11/10/2018 20:39
CL7631,4/25/2018 7:56
CL7273,1/23/2020 14:02
CL7630,1/6/2019 21:59
EE9848,6/13/2018 19:34
CL7617,4/28/2019 4:11
BB9775,
CL7536,
B37343,8/25/2018 16:06
G28225,1/9/2020 3:45
DB3539,12/30/2019 12:01
G26777,6/13/2019 21:59
CJ0081,10/25/2019 19:58
EE8333,10/8/2019 18:29
CQ1175,12/26/2019 9:16
DA9306,3/3/2019 23:37
F36163,
CL7411,10/10/2018 7:34
CL7444,1/15/2019 10:04
EE7879,
EE9676,1/19/2020 11:17
EE7600,7/21/2019 1:22
EF0128,8/25/2019 5:21
EG3489,6/29/2019 6:39
CM4733,8/5/2019 2:08
CM0025,8/19/2018 23:10
CM4734,3/17/2018 18:19
CM4736,6/12/2018 21:11
CM4865,
CM4909,2/18/2019 2:30
CM4664,5/17/2018 9:14
CM4798,2/23/2020 6:03
CM4972,11/25/2019 2:46
EG8063,8/24/2019 13:33
CM4799,4/4/2019 0:51
CM4665,1/25/2019 5:45
CM4908,7/18/2019 8:51
CM4666,1/31/2020 19:32
CM4973,2/10/2019 10:10
CM4632,
CM4647,9/2/2018 0:32
CM4868,6/5/2019 11:13
CM4646,6/21/2018 7:57
CM4718,1/29/2019 19:02
CM4693,6/29/2019 19:49
CM4904,8/26/2018 2:38
CM4774,12/22/2018 0:09
CM4617,
CM4935,3/12/2019 5:07
CM4755,9/18/2019 23:10
EF1224,6/27/2018 16:41
D96450,
CM4618,7/17/2019 6:31
AQ0886,
B28068,9/25/2019 11:51
CQ2618,6/17/2019 20:47
CM4694,9/15/2019 3:00
FV4049,3/11/2019 0:09
G27721,7/21/2019 7:57
BD7791,6/26/2019 6:14
AQ1220,7/25/2018 14:52
FV4329,2/9/2020 10:15
FV4057,2/22/2018 23:54
FV4044,8/3/2019 0:06
FV4325,10/19/2019 2:01
FV4331,3/18/2019 15:10
FV4359,10/17/2018 9:25
FV4319,3/12/2019 11:42
FV3700,8/23/2019 2:00
FV4318,1/23/2018 22:22
CG6130,8/10/2019 3:16
CG4050,1/17/2020 10:34
FV4330,7/18/2019 18:04
FV4317,5/23/2018 16:39
DB0444,7/14/2018 1:03
F36255,8/1/2019 19:08
B96474,2/2/2018 4:53
B37530,10/6/2018 14:02
B37528,9/13/2019 3:36
FV4350,5/17/2018 0:01
B44830,5/17/2018 18:27
B37942,9/29/2019 18:33
B96551,1/26/2018 0:24
B43884,1/20/2018 11:25
B75587,3/21/2020 22:58
F36513,4/18/2019 7:11
F34341,3/10/2019 4:24
D96552,2/20/2020 6:57
D98204,9/13/2019 4:55
G26782,
EE4950,4/1/2018 11:11
EE5018,8/18/2018 22:09
EE5907,2/21/2019 14:46
BY9250,3/1/2018 17:51
BB2042,2/22/2018 22:35
EF0321,3/11/2020 6:13
BB2278,3/23/2020 11:50
EE4926,8/13/2018 14:26
EE4918,9/19/2019 11:01
EE4928,7/6/2019 22:59
EE8218,12/15/2018 8:50
EE5150,7/10/2019 16:31
B22706,12/31/2018 10:37
CQ2740,1/11/2018 22:01
CQ2105,9/13/2018 9:05
CQ2106,2/25/2020 17:18
EF3534,9/29/2019 18:33
CQ3012,2/4/2020 14:23
DB3277,8/20/2019 0:16
CQ2032,4/12/2018 6:34
BB6708,3/2/2020 3:39
CM4937,3/6/2020 2:27
CM4756,8/28/2019 9:43
CM4619,1/16/2020 5:36
CG6048,12/18/2018 2:40
CG5673,3/29/2019 18:27
EE9726,2/27/2019 14:17
EF1421,4/3/2018 10:35
EF0786,3/4/2020 10:57
EE9722,2/14/2020 23:14
EF1424,3/9/2020 4:11
G27273,12/23/2018 3:48
EF0812,3/24/2018 17:32
G28062,12/5/2019 8:59
EF0789,7/11/2019 21:29
EF0787,10/24/2018 16:32
G26994,4/12/2018 13:09
F34099,10/14/2019 16:41
EF1581,3/24/2020 11:32
G28058,6/15/2018 17:39
G27403,6/28/2018 7:10
G26939,
G28202,12/27/2019 8:58
EF1164,12/19/2018 6:19
EF8904,9/1/2018 16:38
G28450,
CM4759,10/5/2018 16:58
EF8903,12/4/2019 21:08
F35445,6/25/2019 14:26
B75807,2/10/2018 11:42
CJ0079,4/26/2018 15:32
CM0084,4/25/2018 23:44
EE5358,9/17/2019 2:24
B96556,1/14/2020 14:06
CM0035,12/17/2019 9:20
EE4572,3/30/2018 2:34
CL7309,
CL7610,4/7/2019 7:51
B37616,7/12/2019 6:42
FV3032,1/13/2020 22:18
BD7597,
BZ0085,9/14/2019 9:53
EE5083,5/7/2019 12:01
CL7561,3/20/2019 0:05
F97208,7/10/2019 7:18
EE5404,1/31/2019 5:16
CL9998,3/20/2019 17:12
EE8373,11/5/2018 12:56
F36418,7/10/2019 17:50
CL9921,8/15/2018 3:18
F35499,10/15/2018 20:33
EE5641,8/15/2019 10:59
F34983,10/29/2018 7:08
F36985,3/21/2019 9:00
B79771,4/29/2019 13:06
CJ7956,8/13/2018 18:23
B44882,
CJ7995,11/7/2018 18:55
F36467,
CG4048,10/17/2018 21:16
F34437,3/5/2018 11:23
CG6205,5/22/2018 15:38
EG8695,3/15/2020 3:42
B41939,7/17/2019 10:28
CG6199,12/21/2019 2:52
B37720,11/20/2019 14:48
AQ1087,2/17/2018 17:30
B37759,7/8/2019 5:16
AQ1027,5/20/2019 16:01
B37990,10/18/2019 22:04
B37651,10/28/2019 4:35
B28164,11/15/2018 0:43
B28163,11/12/2018 1:37
B37983,12/20/2019 0:32
DB2689,3/13/2019 2:11
CG6056,11/16/2019 6:47
CG6460,1/25/2019 18:55
CG6108,5/9/2019 7:28
BD8024,7/21/2018 18:42
D96444,3/27/2019 11:09
BD8007,11/13/2018 23:42
CG6065,7/5/2019 2:13
G27719,2/1/2018 7:49
CG6187,2/1/2019 2:20
G27648,6/17/2019 22:06
EE8279,3/8/2018 7:51
EE8247,2/12/2020 8:02
EE8612,1/23/2019 20:50
CQ1068,8/13/2018 21:01
B37635,
DB3065,1/22/2018 20:02
CQ1092,12/30/2019 1:29
DB3083,2/7/2020 14:48
CG6222,
DB3078,11/4/2019 23:33
DB2707,2/28/2020 7:11
D96553,7/6/2018 8:43
EF0580,9/19/2018 7:17
EF0581,8/25/2019 14:34
G25848,10/25/2019 21:17
EE9745,2/15/2020 22:56
EE7899,3/29/2020 16:37
G28386,12/16/2019 21:29
EE6784,6/5/2019 13:51
DB3349,9/11/2018 0:28
EE6816,6/10/2018 17:50
DB3401,5/14/2019 19:08
EG1865,
EG2037,4/1/2020 9:08
EE6818,2/4/2020 11:45
CM6057,12/22/2019 10:28
EG2035,8/15/2019 14:56
EE5614,6/25/2019 3:54
EF9225,1/8/2018 21:36
EE5174,11/14/2018 1:01
CM6058,3/30/2020 0:31
EE5915,3/9/2018 2:17
BY2949,7/16/2019 19:59
EE5933,11/9/2018 20:57
F34865,10/10/2018 20:44
S80662,12/19/2019 16:38
CM6059,
CJ8016,8/12/2018 8:09
CL7428,
EE4843,6/15/2019 17:26
CK9670,4/20/2018 4:10
EE7740,12/24/2019 15:08
EE8969,8/11/2019 6:55
BZ0087,3/21/2018 22:23
F36256,2/20/2020 1:41
EE5362,1/17/2020 23:44
F35762,1/16/2020 6:55
EE5837,6/18/2019 2:03
EE4576,3/25/2020 12:33
EE6991,3/2/2019 18:39
EE6012,3/24/2020 8:54
EE4470,5/15/2018 17:44
EE6327,3/3/2018 9:21
AQ8530,4/6/2019 21:19
CI9990,1/2/2020 21:39
EE7064,12/9/2018 9:19
F36417,5/28/2018 4:37
EE4808,2/1/2018 13:05
F36431,11/17/2019 15:42
B44669,4/9/2019 4:37
B43745,5/26/2019 3:41
CJ8021,6/6/2019 10:55
CM4549,5/1/2019 1:58
EE8374,2/13/2020 5:06
CL4154,2/11/2020 22:49
CL7609,2/28/2019 7:24
CK9456,9/15/2019 10:54
EG4372,
CJ8987,4/1/2018 20:24
EG4303,10/26/2019 20:59
BB7616,9/11/2019 4:12
EE5603,11/7/2018 12:20
EE8970,3/23/2020 23:41
CJ8113,11/8/2019 13:08
CL7463,4/22/2019 8:37
F97210,9/21/2019 5:09
B44732,12/11/2019 5:52
F34411,1/4/2020 11:50
EE6807,3/9/2019 20:30
F35515,7/10/2019 3:21
F35615,9/25/2018 4:10
CK9466,6/6/2018 3:14
F36650,5/1/2019 0:39
BC1040,4/3/2018 2:41
EF0810,12/13/2019 5:16
CL9963,5/16/2018 5:35
BB6917,
CL9938,5/25/2019 22:25
CL9997,2/9/2020 10:15
CL7642,4/16/2018 15:54
F35040,2/15/2020 7:08
CJ8017,11/20/2019 2:57
EE9727,1/9/2018 1:33
CJ8012,2/7/2020 9:32
CL7632,2/27/2019 9:01
CL7486,10/11/2019 5:44
BZ0631,7/9/2018 14:24
D98056,4/16/2018 2:44
CM4824,1/16/2019 16:21
CM4825,1/11/2018 10:10
B43753,3/5/2020 11:58
FV4349,8/5/2019 7:24
F36517,3/8/2019 5:00
EE8131,4/13/2019 13:57
EE9737,3/26/2020 22:47
EF1060,7/2/2019 17:36
EE9938,5/25/2019 9:15
EE8353,1/26/2018 6:59
EF0452,8/10/2018 6:07
EE5170,2/1/2020 13:58
EE5153,5/30/2018 11:55
EE4842,6/20/2019 14:37
EE4958,1/12/2018 7:14
EE4922,6/2/2019 13:26
EE6046,7/16/2018 18:53
EE6130,5/13/2019 6:16
EF3523,10/1/2019 21:54
EF3535,10/4/2018 14:38
FW2818,1/21/2018 0:35
EE5535,10/20/2019 0:24
EF3531,3/12/2020 13:49
B22713,1/3/2019 13:40
FW2803,10/8/2019 18:29
FW2848,6/28/2018 7:10
EG8544,1/8/2019 5:35
EF4393,6/8/2019 14:16
EG4588,
EF4398,6/15/2019 18:45
AC8765,1/2/2020 16:23
B37361,2/8/2019 18:40
CQ2028,
B41727,2/26/2020 22:16
B96511,10/15/2018 8:42
B37657,
AQ1138,1/5/2020 18:07
B37068,8/28/2018 15:12
DB2680,8/14/2019 21:49
B28123,1/17/2018 7:03
AQ1134,
EE5562,2/23/2019 22:04
EE5934,7/22/2019 19:30
EE5104,8/27/2018 14:11
BB1702,7/20/2019 8:15
EE7031,1/2/2019 10:01
DB2119,4/2/2018 18:47
F36599,3/13/2019 12:43
EE5171,2/4/2019 1:26
DA9604,3/8/2020 7:07
BB6709,10/4/2018 5:25
B96517,6/30/2019 23:28
CQ1971,6/29/2019 6:39
B96520,7/16/2018 7:02
DB1763,4/26/2019 11:22
B96554,1/15/2020 1:57
AQ1111,2/16/2020 21:19
CK9475,5/12/2018 17:19
F36166,5/28/2019 10:59
CG7112,7/1/2019 10:00
CL7427,3/5/2018 21:55
CQ1968,10/17/2019 18:25
B37600,12/29/2019 11:00
CL7335,2/3/2018 3:16
F34094,2/20/2018 21:52
EF0785,5/2/2019 4:18
CK9572,2/8/2019 13:24
EF0788,
EE6331,3/11/2020 15:26
EE7245,10/16/2018 5:46
EE4771,2/9/2019 11:47
F34098,12/7/2018 5:58
CL9956,3/24/2018 17:32
G28059,1/7/2019 20:22
CL9942,6/14/2018 3:28
F33908,
G28060,8/3/2018 13:29
DB3144,7/9/2018 18:21
CI9935,4/3/2019 14:19
F36664,1/7/2018 0:50
DB1755,8/11/2018 8:27
F36173,6/3/2018 19:56
EE8134,8/18/2018 12:56
F35613,11/20/2019 10:51
CK9557,7/20/2018 0:34
CK9464,4/4/2019 2:10
CK9476,3/26/2018 6:24
CK9649,3/10/2019 18:53
DA8929,7/28/2019 20:20
CK9483,6/4/2019 22:03
CL9926,10/26/2019 20:59
FV8786,12/9/2018 22:29
CL9943,2/15/2020 17:40
BB9774,5/24/2018 9:46
EE8007,12/12/2018 20:16
F36201,8/19/2018 10:00
FV8790,4/25/2019 3:46
F36331,9/29/2018 0:20
AQ0919,5/24/2018 7:08
CJ8146,3/20/2019 14:34
B43732,2/28/2019 21:53
B44849,2/28/2020 16:24
B37783,4/9/2019 7:15
B96578,7/11/2018 9:51
F37006,6/4/2018 18:19
CJ8041,6/29/2018 1:36
CG6131,3/3/2019 3:52
CG6113,5/14/2019 12:33
G28971,2/14/2018 10:30
B37469,2/2/2020 1:49
CG6112,3/25/2020 4:39
F34625,3/3/2020 9:56
EE9844,5/20/2019 4:10
EE8269,1/9/2020 23:30
EE9843,9/27/2018 12:47
EE9852,5/16/2018 9:32
CG6066,10/8/2019 9:16
EE8136,11/17/2019 1:13
G27645,1/29/2020 21:27
CL9961,
FV3699,10/14/2019 3:31
CI2606,7/25/2018 16:11
EE7359,5/15/2018 7:12
CK9658,4/26/2018 19:29
EF0417,3/13/2019 11:24
EF0436,1/26/2018 3:02
EG3102,9/24/2018 9:44
EE4951,9/26/2019 8:55
FW2846,2/10/2018 7:45
FW2895,7/28/2018 23:11
EE4562,3/26/2018 22:12
EE5540,1/23/2020 19:18
EG8688,9/18/2018 2:19
EG8685,4/24/2018 6:55
EE7033,5/25/2019 7:56
DB3109,4/4/2018 7:39
DB3244,4/9/2019 20:25
DB0126,1/10/2018 1:15
EE4552,3/31/2018 6:13
CG4708,10/13/2018 10:37
DB3241,6/11/2018 1:44
F36476,
F36225,8/23/2018 20:39
F37047,
B44728,1/9/2018 12:05
BB7317,9/18/2019 19:13
F35036,4/1/2020 6:30
AQ0055,9/30/2019 12:59
F34440,8/25/2019 5:21
B96561,2/3/2018 3:16
B96339,3/24/2019 2:50
D97112,4/10/2019 13:32
F36651,3/12/2018 4:01
F36308,12/17/2018 22:43
F35050,3/9/2018 2:17
EE7482,10/1/2018 18:10
EE7502,2/10/2019 14:07
F36669,5/1/2018 7:27
F37079,12/28/2019 4:43
EE8133,1/22/2019 7:58
G28914,8/22/2018 13:03
EE8197,1/1/2019 16:54
EE7511,4/8/2020 22:50
EG4103,7/3/2018 3:02
EH2549,7/23/2019 4:43
EG5006,5/22/2018 14:19
EH2201,12/15/2019 15:12
EH2531,9/14/2019 15:09
EG4273,12/17/2018 21:24
EG5005,
EG4275,5/6/2018 5:57
EE5906,4/1/2018 11:11
EE5106,11/17/2018 1:26
EE5181,8/25/2018 16:06
EG3238,5/13/2019 1:00
EE5864,1/8/2018 13:42
EG1902,11/28/2018 9:59
EH2552,12/10/2019 7:29
EG8587,6/17/2019 11:34
EG3705,8/8/2019 15:43
EG3173,3/21/2018 6:35
EG3693,6/8/2018 21:04
EG3691,10/10/2019 23:09
CL0244,3/8/2019 1:03
CJ0874,4/20/2018 0:13
F35030,12/21/2019 5:30
EG3666,5/20/2018 16:14
EH1856,11/25/2019 15:56
CL0211,11/5/2019 21:56
EG3491,4/9/2020 8:03
B23738,
B28128,8/28/2018 4:40
EG3282,
EH1855,3/2/2019 13:23
B22705,12/25/2019 6:56
EE6743,2/23/2018 9:07
EE6122,9/12/2019 1:16
EE6121,
CM4981,
CM4658,4/24/2018 0:20
EG3283,1/21/2020 10:41
CM4659,11/14/2018 1:01
F36671,4/19/2019 4:15
AW4209,1/7/2020 14:53
G25877,11/18/2018 22:12
CM4855,3/19/2019 9:36
EE8452,3/3/2020 15:12
CM4813,10/21/2019 14:35
EE8351,
G28329,
CM4857,6/5/2019 3:19
CM4900,7/26/2019 19:37
CM4899,9/11/2018 13:38
CM4901,11/12/2018 22:41
CM4830,11/24/2018 5:55
EF0778,1/18/2018 13:20
EF0780,6/4/2018 20:57
G27270,4/5/2020 14:31
EF1233,9/6/2019 14:55
CM4878,12/11/2019 17:43
CM4877,1/4/2019 14:41
G27272,2/2/2020 11:02
CM4862,2/5/2019 7:43
CM4979,2/16/2018 4:38
EF1416,8/18/2019 10:05
EE7897,3/27/2020 17:13
CM4884,1/25/2020 4:13
G28373,3/18/2020 12:01
CM4842,11/11/2018 5:52
EF0822,
CM4860,9/9/2018 7:39
CM4929,
G28560,6/25/2019 5:13
AQ8528,12/14/2019 3:39
G28208,3/26/2019 12:46
BB5476,10/23/2019 15:18
CQ2405,12/22/2018 5:25
G28209,10/14/2019 11:25
CL7580,7/24/2018 3:19
B43687,11/17/2019 6:29
B41645,8/9/2019 11:28
BY2120,2/24/2020 5:45
B24105,7/18/2019 23:20
B96568,9/1/2018 15:19
FW2847,9/17/2018 9:12
FV7826,6/9/2018 7:36
F35580,2/24/2018 8:49
FV7825,4/9/2020 18:35
G27707,10/30/2018 18:41
EE8498,2/15/2019 0:46
FV4631,9/30/2018 7:56
EE4465,1/9/2020 22:11
EE8138,9/26/2018 10:27
FV4419,8/20/2018 16:17
G28116,10/8/2018 1:35
B42315,4/17/2018 5:04
EE9574,3/30/2019 11:34
EG4960,3/24/2018 0:25
EE6803,2/1/2018 5:11
EF5506,
G28428,8/26/2018 22:23
EF5440,5/25/2019 5:18
FV4190,3/22/2019 0:48
EH0025,1/11/2020 11:03
G28331,4/10/2018 4:32
G25878,
EE6802,1/13/2020 13:05
B42314,11/9/2018 17:00
CL9955,11/18/2019 0:55
G28336,5/26/2018 17:04
G54014,7/17/2019 23:38
FV2806,9/24/2019 22:41
FV3021,2/12/2020 14:37
FV3743,3/2/2018 16:14
FV5359,7/31/2019 4:57
G54015,9/19/2019 17:36
BD7929,6/8/2018 2:38
G26993,1/21/2020 6:44
EF1625,3/15/2019 14:45
G27479,2/16/2020 6:50
EE7911,4/19/2019 8:12
F35008,12/6/2018 18:07
G27492,11/23/2018 23:20
G28885,8/27/2018 10:14
EF1163,
EF8847,2/27/2019 9:01
B96566,1/25/2020 21:20
EG4159,1/19/2020 8:39
G27484,4/7/2019 10:29
F34327,3/17/2018 15:41
CL7477,3/8/2020 12:23
G27495,
B28129,2/14/2019 3:42
EF1229,2/9/2019 22:19
EF4920,
EE6893,8/22/2018 18:19
EF2335,3/27/2019 3:15
EE4896,
EF4372,11/17/2019 15:42
FW9328,9/4/2018 13:06
B27797,7/1/2018 22:04
EG7737,
DB3105,4/11/2019 0:04
CG6477,10/11/2018 17:48
CG3552,4/25/2018 18:28
EG8778,6/28/2018 5:51
BB3627,7/13/2019 15:37
EE4851,1/12/2018 21:43
EF4373,10/6/2018 21:56
BW0418,4/7/2018 23:52
G27728,8/2/2018 13:47
BB3628,2/10/2019 14:07
BB3645,2/13/2020 23:32
F37427,10/14/2019 0:53
DB3541,12/24/2019 4:36
EE7346,7/20/2018 15:03
EG1866,1/19/2018 19:37
EE4895,11/16/2019 18:38
D96635,2/11/2018 6:08
FV6404,9/19/2018 4:39
CG6040,2/17/2020 2:35
EE6074,8/29/2018 1:44
CG4743,
EG2738,4/6/2019 17:22
F35493,1/7/2019 7:12
F35597,11/13/2018 0:00
F35495,1/14/2019 20:54
F35494,1/3/2020 8:11
DB1370,10/1/2018 22:07
F35498,7/2/2018 2:01
DB1372,8/4/2019 20:52
F36991,8/19/2019 4:31
B96223,6/11/2018 13:35
F35497,
F36501,7/18/2019 22:01
EE6821,10/22/2018 21:05
EE7745,
EE6135,10/5/2018 1:10
AQ0334,10/5/2019 12:48
B96218,4/17/2018 5:04
CG5537,8/13/2019 6:19
AQ0538,9/7/2018 4:18
EE7777,12/27/2019 8:58
EF5885,12/23/2019 18:04
EE8378,
EF5870,10/22/2019 2:26
CG5580,9/13/2018 6:27
BB7566,
AQ0054,
B75665,11/19/2018 23:13
EG1727,2/12/2018 7:09
AQ0539,2/25/2018 20:22
EG2646,9/4/2018 9:09
EH0181,3/26/2020 1:43
EF5902,10/21/2018 14:48
FU6910,12/12/2019 12:09
AC7104,2/12/2020 11:59
EF9625,3/23/2018 0:43
D97946,1/23/2018 13:09
B75667,6/26/2019 20:43
BD7080,7/28/2019 9:48
CL9914,2/6/2019 2:09
BB6602,
EF5435,2/4/2019 22:30
BC1050,12/25/2018 13:44
EF5507,5/24/2018 20:18
D97319,2/4/2018 16:08
EF5985,12/6/2018 12:51
EF5441,
F35769,9/22/2018 6:23
EG8776,3/9/2018 23:21
D97429,11/23/2019 3:22
EF0820,6/26/2019 14:08
EF4027,11/26/2019 6:25
CG6732,12/24/2019 9:52
EH2180,8/12/2018 2:53
EF6050,7/28/2018 2:07
EF6048,6/16/2018 8:08
EE7290,
EE7449,9/12/2019 17:04
EE7968,2/6/2020 13:47
F36481,12/29/2019 18:54
EG1900,7/21/2019 22:26
EF6049,4/21/2019 8:55
EF7141,1/4/2018 20:10
EF7140,5/1/2019 19:05
CQ1091,3/31/2019 4:41
EF7134,11/12/2019 19:50
EH1097,8/21/2019 7:52
FV4656,6/26/2018 23:34
G26947,3/3/2018 19:53
F34060,11/27/2018 5:01
G26944,9/20/2018 17:31
EG5185,4/24/2018 22:43
EG5188,5/19/2018 6:00
FV3029,4/12/2019 18:12
FV4658,12/29/2018 8:35
CM4831,11/3/2018 14:51
EF6270,1/19/2018 9:05
CM4705,
FV3031,7/11/2019 17:32
FV5358,2/16/2020 0:15
DB0594,4/17/2019 8:48
DA8839,5/1/2018 23:15
G27461,6/20/2019 13:18
CM4708,2/11/2020 9:39
DA9868,
EE9540,9/16/2018 13:27
DB3483,2/23/2019 16:48
EE3912,8/27/2018 1:01
CJ0183,6/26/2018 9:05
AQ0534,
CK9502,6/18/2019 6:00
BC1041,4/17/2018 18:14
CM0065,12/17/2019 19:52
EG3013,12/25/2018 19:00
EE4966,8/28/2018 12:34
B75806,9/17/2018 3:56
CK9434,3/10/2018 7:15
EH0833,7/11/2019 14:54
G27637,7/31/2019 18:07
CL7579,4/9/2020 22:32
CK9631,12/28/2018 15:28
EE6091,1/2/2019 11:20
CL9945,3/1/2020 0:00
FV4189,1/24/2018 4:57
F34477,1/23/2019 10:18
F34683,4/6/2018 7:03
CP8827,1/3/2018 16:31
F36998,2/15/2020 8:27
F36457,2/9/2018 6:44
EE8008,
EE5511,4/19/2018 3:09
EE5602,11/19/2019 5:53
EE6329,12/20/2018 13:55
EE5506,9/24/2019 16:06
F36471,1/27/2020 19:25
EF6551,5/17/2019 18:14
EE6325,12/20/2018 23:08
EE5678,8/21/2019 1:17
EE4967,1/20/2020 18:53
EF8907,10/12/2018 3:01
EE8688,12/17/2019 22:30
EE8972,3/21/2018 15:48
EE7239,11/15/2018 8:37
G26935,5/29/2018 20:07
EE5394,5/15/2018 16:25
EH0033,8/23/2018 12:45
B75573,
EE4883,3/30/2018 2:34
DA8964,5/3/2018 6:51
CJ8060,1/24/2020 13:44
B75782,
G27401,5/9/2019 7:28
B75780,4/19/2018 12:22
S80807,4/21/2019 19:27
EE4791,10/4/2018 8:03
S32279,4/21/2019 15:30
AC7556,11/27/2019 14:01
B22785,2/6/2019 23:13
F35130,10/23/2019 10:02
B43742,4/10/2018 9:48
CK9814,5/30/2019 10:23
CK9571,3/22/2020 13:27
F34844,8/12/2019 0:02
F35284,4/5/2018 9:59
CQ1149,5/27/2019 8:39
F34739,5/23/2019 20:23
CK9866,
EE5654,1/21/2018 13:45
FV3013,6/15/2018 21:36
F35282,1/10/2018 2:34
EF9624,3/10/2020 3:53
CK9865,7/30/2018 1:31
F34073,12/7/2018 17:49
D96551,2/21/2019 23:59
CK9784,5/11/2019 13:27
F36512,11/1/2019 20:30
F35283,1/27/2018 5:22
EG3096,10/18/2019 20:45
EG3115,2/12/2018 19:00
EF5550,12/3/2019 12:13
EF9623,4/9/2018 23:16
CJ3410,
CQ1061,1/6/2020 20:27
BB4014,2/7/2020 16:07
AQ6095,3/16/2018 10:43
EF7135,5/7/2018 1:42
B44500,12/12/2019 17:25
EF1629,5/12/2019 22:22
B43600,12/5/2018 5:15
EG8735,2/24/2019 3:20
G28713,9/13/2018 9:05
EF3538,6/23/2019 11:05
CJ9005,
AH2156,10/31/2019 22:07
FV6447,1/6/2018 23:31
CM7767,6/26/2019 14:08
DB0646,3/5/2018 20:36
CG6367,2/3/2019 17:32
CM7741,8/29/2018 0:25
CJ9006,12/23/2018 20:55
AC7943,10/17/2018 4:09
CG6364,10/10/2018 3:37
BC0534,3/19/2018 9:49
CK1081,6/29/2019 1:23
F37022,
EE3812,2/16/2019 7:03
G26834,1/12/2018 19:05
B75879,4/11/2018 0:17
FV6794,3/6/2019 22:43
G26790,8/8/2018 6:43
EH1524,6/2/2019 10:48
G26548,7/6/2019 16:24
B42122,11/12/2019 6:40
F99913,2/15/2019 12:37
EG1073,9/21/2018 8:00
EG7893,1/8/2018 4:29
G28915,5/10/2019 0:35
BB3484,
EG1069,11/19/2018 17:57
EG2015,
FW3138,
EF2212,9/28/2018 0:38
EG1071,9/21/2019 15:41
EG2045,6/6/2018 11:08
EE4036,8/24/2019 22:46
FW5423,3/3/2020 23:06
EG1287,5/26/2019 12:54
EG2663,3/11/2020 19:23
EG2017,7/25/2019 23:52
EG0719,7/22/2018 7:52
EH1208,9/22/2018 2:26
EG4901,6/6/2019 17:30
EE4264,10/1/2019 21:54
EG1096,10/17/2019 7:53
EG1011,4/14/2018 20:27
EG2052,11/28/2019 11:05
EG0720,3/19/2018 8:30
EF2696,1/9/2019 11:52
EG0715,
EE4614,11/19/2018 20:35
EH1333,6/8/2018 11:51
EF0524,11/27/2019 19:17
EH1847,4/17/2019 10:07
G27491,12/16/2018 13:48
EF0708,2/22/2019 9:12
EE4005,10/10/2018 2:18
EG0761,10/4/2019 17:03
EF2774,2/28/2018 15:31
EE5147,4/23/2018 5:54
EF1565,10/4/2019 2:34
F35285,7/21/2018 10:48
G27482,7/7/2019 0:18
BC1031,9/17/2019 2:24
F35539,2/24/2019 20:27
CK9816,2/25/2019 17:31
B96338,11/20/2019 17:26
CM7531,6/21/2019 16:57
EG1369,9/4/2019 18:09
EG1837,2/15/2020 17:40
FV6106,12/4/2019 9:17
FU8929,9/17/2019 15:34
FV4526,5/17/2019 2:26
EG3729,1/18/2019 5:13
FU8941,5/27/2019 15:14
FU8932,1/6/2020 19:08
CM6080,8/21/2018 13:21
CM6051,6/8/2018 21:04
CM6052,11/14/2018 7:36
CM6081,10/14/2019 12:44
CM6068,2/16/2019 18:54
FV4418,10/13/2018 23:47
CM6069,11/16/2019 8:06
CM6073,1/15/2019 3:29
FV4525,
CM6044,8/23/2018 18:01
FV2875,4/1/2020 9:08
FW2152,
FV2874,5/1/2019 8:33
CJ8072,9/27/2018 14:06
CJ8088,2/16/2020 16:03
CK9657,8/31/2018 9:02
AC7043,11/19/2019 12:28
FW9783,11/10/2018 14:04
F35607,9/16/2018 13:27
CJ8111,2/27/2020 21:58
CL7446,3/8/2018 17:04
G26990,
CJ0194,11/11/2019 0:23
EH0021,12/13/2019 11:51
B44861,4/13/2019 0:47
EE7610,9/11/2019 16:03
BD7439,11/5/2018 14:15
F34604,5/25/2018 23:57
CJ8107,7/5/2019 23:17
B37550,2/1/2020 10:01
CJ8069,12/14/2019 22:05
CJ7992,
CJ7987,10/31/2018 11:48
F36162,6/1/2019 12:25
G26776,3/5/2018 2:10
CG6537,12/7/2018 20:27
BB9420,8/8/2019 3:52
CK9660,7/17/2019 17:03
CJ8109,12/20/2018 7:20
CJ0044,1/3/2018 11:15
CJ8116,4/12/2020 19:00
CK9445,4/27/2019 20:17
EF0148,12/10/2018 1:07
CG7123,12/3/2019 17:29
EE5677,3/8/2019 10:16
EE5819,6/19/2018 3:17
EE5834,1/29/2019 11:08
EE5361,2/3/2020 16:00
EE5415,
EE4924,6/16/2019 22:24
CJ0180,11/18/2018 15:37
F36645,12/5/2019 23:28
AQ0907,10/13/2018 9:18
CM4930,7/1/2018 22:04
CM4547,8/24/2018 19:02
EE6377,6/23/2019 13:43
DB0271,7/22/2019 16:52
G27402,
EE7843,2/15/2020 12:24
EG6864,2/13/2019 9:16
EH0173,5/30/2018 18:30
EH2181,11/24/2018 7:14
FV4529,5/30/2018 18:30
CM4863,12/5/2018 2:37
EE6894,8/15/2018 15:09
B41823,4/8/2019 0:58
CI1871,7/27/2018 14:16
B43829,2/18/2020 20:43
F35514,5/11/2018 7:05
B44820,8/28/2019 0:30
B44736,1/30/2020 21:09
CM4864,1/4/2020 11:50
F34498,1/29/2019 0:36
EE6011,3/3/2020 7:18
CK9656,11/22/2018 13:06
CL7360,3/7/2018 9:28
CK9546,3/23/2018 23:06
S75104,
CK9507,
F35598,5/29/2019 2:47
CL0207,8/2/2019 14:53
CI9700,2/1/2018 2:33
CI1704,7/4/2019 17:00
EE5730,3/15/2019 1:35
EE6029,9/6/2018 21:43
CQ2406,
EF6552,2/9/2019 6:31
F36717,
CL7284,1/14/2020 14:06
F36424,12/16/2018 21:42
BD7497,3/12/2018 14:33
EE7901,9/29/2019 2:45
EE7905,12/20/2019 22:55
EE7907,12/30/2019 6:45
EE7690,9/16/2018 13:27
EE7696,11/10/2018 21:58
EE7382,12/12/2019 13:28
EE7693,1/25/2019 12:20
EE7422,4/21/2019 1:01
EE7900,2/28/2018 2:21
EE6151,
EE5520,9/9/2019 4:48
EE5399,2/1/2019 22:05
EE8153,8/14/2019 12:36
EE6110,1/8/2019 20:04
EE7881,3/12/2020 4:36
EE6077,5/2/2019 18:47
EE7360,8/14/2018 6:14
EE7880,1/18/2018 19:55
CM5956,5/5/2018 18:06
EE9648,1/29/2019 7:11
FV3020,6/17/2018 11:47
CM5971,8/30/2019 6:29
CM5963,4/3/2019 5:06
CM5978,10/4/2018 6:44
CM5962,11/17/2018 2:45
CM5975,9/1/2018 20:35
CM5961,8/22/2019 6:15
CM5974,8/24/2019 18:49
CM5990,
CM5979,1/18/2020 1:03
AQ0863,8/2/2018 12:28
CJ8104,12/3/2018 22:58
CM5965,1/22/2019 11:55
CL7519,1/19/2018 3:49
EE5108,5/31/2019 6:08
CL9930,1/20/2019 19:06
EF0815,7/28/2018 8:42
CL9935,4/6/2018 17:35
CM4795,2/11/2020 3:04
F35061,
CM4978,9/9/2019 8:45
EG1686,
FV2838,11/1/2019 16:33
EF4344,
EH0188,9/26/2018 1:14
EE6037,8/3/2018 13:29
CM0039,10/1/2018 22:07
G27636,2/23/2018 13:04
F34392,11/20/2019 10:51
EG1728,10/12/2019 15:58
DB1758,9/17/2018 3:56
CI1822,7/29/2019 17:24
CI9830,7/4/2019 18:19
DB1459,1/18/2019 2:35
EG5947,1/30/2020 19:50
B44809,10/23/2018 12:53
CG4044,9/3/2018 17:21
CI9931,5/28/2019 9:40
F35025,8/30/2018 4:04
B96344,3/6/2018 20:18
CL7543,2/9/2019 17:03
F35560,7/10/2018 10:09
CL7399,1/15/2019 20:36
CL7303,12/18/2018 18:28
CL7509,2/6/2018 12:54
EF3500,2/11/2018 2:11
EE8024,1/29/2019 12:27
EE3655,1/18/2018 14:39
EE8447,5/5/2019 16:34
CL7426,10/30/2018 0:15
EF9182,8/13/2018 9:10
EE6317,12/12/2018 17:38
EF3836,5/28/2019 13:37
FW5351,10/24/2018 3:22
DB0958,12/17/2019 6:42
CI9939,4/5/2020 9:15
BD7577,1/1/2020 3:31
BB7828,6/26/2018 13:02
DB3530,12/9/2018 5:22
F34864,
CJ8087,4/22/2018 7:31
F34568,3/8/2019 2:22
B41812,1/27/2018 23:48
CL7310,10/13/2019 20:56
CL7397,8/12/2019 3:59
CL7624,7/19/2018 16:40
CL7573,3/30/2019 8:56
BB7716,3/16/2018 2:49
EE6318,3/2/2018 12:17
BC0020,
CI9699,5/12/2018 13:22
CJ8027,5/27/2019 20:30
B37736,9/30/2018 6:37
D97080,11/25/2019 5:24
CL7308,8/13/2018 9:10
G27464,
CL9966,3/19/2020 18:18
BD7480,2/3/2019 9:38
CI1823,7/28/2019 21:39
DB0961,6/30/2019 19:31
CQ2896,10/24/2018 20:29
B41649,4/15/2018 13:34
CQ1711,11/12/2018 1:37
CI9992,9/24/2019 4:15
B37725,6/26/2019 2:17
CI9831,1/1/2020 23:16
BB7613,3/19/2019 1:42
CK1229,7/31/2019 15:29
BB7829,10/30/2019 0:02
B44821,
CJ7975,2/9/2018 19:54
B43651,9/12/2019 17:04
F35012,3/7/2018 8:09
CJ8106,1/25/2019 12:20
EF8729,9/22/2019 21:58
BD7932,1/26/2018 13:34
BD7914,6/8/2018 10:32
CL7606,10/21/2019 9:19
FV6448,12/4/2019 9:17
G27639,1/1/2019 20:51
CK9569,12/1/2019 19:24
EE3649,7/5/2019 2:13
CK9829,5/18/2018 1:02
CG5801,1/30/2020 23:47
CJ0027,2/9/2020 8:56
CJ0070,2/2/2019 0:43
CJ8989,8/5/2018 10:15
BB7067,
B41810,2/16/2019 4:25
G26778,7/15/2019 7:07
CJ8103,10/11/2019 11:00
EE6876,7/23/2018 20:44
EE7246,5/24/2019 1:39
CK9805,3/31/2018 19:23
EE5883,9/3/2018 18:40
CK9785,11/30/2018 8:04
CK9802,4/3/2018 22:26
CK9860,4/6/2019 12:06
EF1413,1/31/2020 20:51
G27309,3/4/2019 8:50
EE6436,8/6/2019 16:19
EG8300,9/23/2018 19:15
CM5922,6/12/2018 13:17
CM4854,1/9/2019 13:11
B43814,3/12/2018 0:04
AC7045,8/8/2018 11:59
D96746,12/8/2019 12:02
EE3654,7/8/2019 15:48
G26806,6/14/2019 12:28
CQ1179,
EE7840,4/4/2018 23:27
EE4277,11/21/2018 16:02
F35377,8/5/2019 17:56
B37919,
EG2363,6/7/2019 19:50
CG3820,12/19/2018 3:41
DB1560,5/12/2018 22:35
F34428,2/16/2018 11:13
F36994,10/2/2019 12:23
B41648,8/14/2019 9:58
B37959,1/31/2019 5:16
BB6744,11/29/2018 5:44
DB3588,4/12/2018 2:37
F34563,8/18/2019 16:40
F36208,5/10/2018 15:17
CL7342,2/7/2018 8:39
EE9721,2/26/2020 22:16
FV2480,12/27/2018 1:17
EE5590,6/27/2018 3:31
CG2925,3/28/2018 4:29
BB6918,
EE9513,4/20/2019 15:48
CP8828,9/27/2019 21:47
CP9344,4/10/2020 10:23
F36171,4/6/2019 18:41
CI9976,10/5/2018 14:20
CI9701,12/14/2019 23:24
B44806,12/16/2019 16:13
EE4577,3/4/2020 8:19
BZ0109,5/13/2019 8:54
F34571,2/21/2019 4:14
CJ8014,3/1/2020 17:07
CP8822,9/21/2018 13:16
F36242,9/12/2019 1:16
CJ8074,2/16/2018 15:10
CJ8015,4/1/2018 16:27
CJ8114,12/7/2019 20:14
CJ8075,8/15/2019 14:56
F35444,11/18/2019 12:46
EE5508,12/25/2018 4:31
CJ7991,5/31/2018 2:24
CL7312,8/24/2018 5:52
CL7611,7/27/2018 18:13
CK9605,3/26/2020 1:43
CK9481,
CK9505,
CK9485,2/24/2018 11:27
CL7489,
CL9947,5/28/2019 8:21
EE5668,9/3/2018 21:18
CK9539,2/2/2018 4:53
CI1702,3/2/2018 7:01
CI1812,9/22/2019 20:39
FV4298,9/29/2018 14:49
CI1739,1/14/2018 18:29
CI1935,3/23/2020 1:18
B37266,8/2/2019 21:28
B37955,11/23/2018 18:04
BD7842,2/13/2018 10:48
BD7528,2/1/2018 18:21
BD7840,9/22/2019 7:29
CI1738,11/4/2019 1:10
AQ0535,11/15/2019 14:59
FV2484,11/11/2019 5:39
EE8137,12/16/2018 16:26
CL7455,
EE9267,3/31/2020 21:17
FW5365,1/27/2019 3:50
CJ0177,3/6/2018 9:46
EE8445,12/2/2019 5:56
CJ0212,4/11/2019 10:36
EE7917,5/29/2019 5:25
CK1086,3/23/2019 0:30
EF0586,2/11/2020 12:17
EE7599,
F34403,5/11/2018 17:37
EF1157,
F34407,11/2/2018 11:12
G26942,
F35379,1/21/2019 6:57
F35382,7/21/2018 13:26
F35378,7/11/2019 17:32
F34400,2/22/2020 18:12
EG4009,
EE8489,7/24/2018 2:00
BD7479,4/2/2019 22:31
EE7763,10/14/2018 1:06
BC0975,
EF8730,10/15/2018 8:42
EE7762,
EE4937,3/18/2019 20:26
EE8973,9/29/2019 17:14
EE8331,10/17/2019 21:03
EE4762,7/28/2019 1:54
EE7163,2/12/2020 6:43
EE6257,3/13/2020 0:21
EE4445,7/22/2019 12:55
EE4443,6/5/2018 2:13
EF2102,2/19/2018 22:10
CM0011,12/26/2019 11:54
B22747,7/13/2018 5:18
CM7988,3/1/2018 21:48
BB9280,9/14/2018 15:22
BC0973,12/23/2019 7:32
CL7287,3/8/2018 21:01
EE5790,4/25/2018 13:12
CL0235,6/20/2019 4:05
EF1344,4/8/2018 9:05
G27506,6/24/2018 8:22
F35373,11/21/2018 9:27
F34394,4/3/2020 21:42
DB3405,1/11/2019 6:00
CK9474,3/30/2020 20:16
EF8329,9/18/2019 11:19
CL9983,7/13/2018 15:50
EF0021,8/7/2019 13:23
EF8348,1/16/2019 15:02
CL9985,4/8/2018 22:15
EF8211,9/8/2018 7:57
CL9990,12/27/2018 19:43
EF8208,10/24/2019 3:09
EF1619,2/24/2018 18:02
EG7224,
CL9979,2/23/2020 8:41
EF1958,9/28/2019 22:48
EE9566,5/31/2018 5:02
EF1806,3/17/2018 3:50
EE9573,2/11/2018 7:27
EF1957,5/27/2018 7:33
EF1634,10/2/2018 20:30
EE9577,3/16/2018 22:34
G28550,11/18/2018 2:27
G28551,12/26/2018 18:42
EG7155,7/21/2019 4:00
EF1809,7/25/2019 21:14
EG0963,7/11/2019 4:22
CM5919,1/22/2020 6:26
EF1664,4/19/2018 21:35
BZ0084,7/4/2018 23:48
CM5920,2/18/2018 9:18
CM5921,10/6/2018 11:24
EF2778,4/10/2020 6:26
F34053,1/17/2020 14:31
B27788,3/1/2019 17:38
B37945,11/24/2018 13:49
B37846,12/27/2019 10:17
B96323,5/12/2018 13:22
DB3143,5/8/2018 22:28
B41825,6/19/2019 22:49
F36630,3/12/2019 15:39
B37787,7/8/2019 23:42
DB3329,7/3/2019 15:59
G27808,1/27/2018 9:19
DB2609,12/27/2018 17:05
CJ9009,3/5/2019 12:29
CL0233,2/29/2020 14:47
CI1719,1/7/2019 13:47
CM0106,11/23/2019 16:32
CK9437,2/25/2018 1:56
F34579,2/12/2019 20:06
F34578,5/1/2019 12:30
F36629,9/20/2019 21:15
CQ2330,6/3/2019 5:14
DA9854,12/5/2018 9:12
CL9937,8/31/2019 20:40
CQ2358,9/24/2019 17:25
DB0959,6/22/2018 3:42
DB1592,3/31/2020 0:13
CQ2630,1/9/2018 1:33
B41736,11/15/2019 13:40
CQ2809,1/27/2020 0:59
B41671,6/4/2018 23:35
B41719,1/10/2019 8:56
B37633,2/3/2020 12:03
B75680,9/11/2019 8:09
B37995,11/23/2018 0:57
B41766,5/19/2019 7:06
B38003,5/27/2019 17:52
B37638,1/15/2019 7:26
B27786,4/28/2018 10:59
B37827,4/11/2018 16:05
B37364,1/1/2019 5:03
B42000,2/2/2018 19:22
DB2736,9/20/2018 4:21
BD7816,7/5/2019 23:17
DB3276,1/18/2020 22:07
BD7778,12/30/2018 10:55
G27934,8/18/2018 6:21
DB3565,4/5/2018 20:31
F35627,2/22/2018 19:57
F99866,
F34038,1/1/2018 15:48
DB1464,1/15/2020 0:38
CJ3406,12/3/2018 5:51
CI9718,12/16/2018 9:51
DA9305,5/20/2019 6:48
B44650,9/6/2018 7:14
AC7044,1/27/2020 22:03
CJ8055,5/21/2018 23:50
B43642,3/1/2020 11:51
CJ8100,3/28/2020 19:33
CJ8028,8/3/2018 9:32
CL7474,12/25/2019 17:28
EF9181,7/1/2018 6:16
CK9671,12/22/2018 18:35
EE5855,6/14/2018 20:35
EE5317,10/8/2019 9:16
EE5621,1/11/2018 18:04
EE4471,2/19/2018 6:22
EE4446,10/26/2019 19:40
EE4988,3/12/2019 1:10
EE7741,10/20/2019 16:12
EE7235,3/25/2019 22:17
EE4962,9/29/2019 18:33
EE4989,9/18/2019 12:38
F36760,3/6/2020 16:56
BD7316,4/26/2019 20:35
EE7162,1/29/2020 0:23
EE7238,9/21/2018 9:19
CM6085,
BC1037,3/26/2020 17:31
CL7629,12/1/2019 2:17
B41529,5/13/2018 1:13
CL9920,1/29/2019 8:30
B37727,9/24/2019 4:15
AQ1022,8/20/2018 9:42
D96745,2/20/2020 13:32
BD7843,9/3/2018 1:33
CL9922,9/1/2018 14:00
CK9593,12/13/2019 13:10
F34037,8/20/2018 1:48
G28999,10/27/2018 3:47
EE9812,3/27/2020 14:35
F34608,9/13/2018 9:05
F99253,11/14/2018 1:01
F36204,11/1/2019 13:55
B79773,11/21/2019 21:05
B43743,12/13/2018 17:20
B79774,5/9/2018 16:54
CL0208,1/4/2020 18:25
EE6664,2/19/2018 11:38
CM7593,12/20/2018 20:30
CM0037,12/28/2018 16:47
EH1294,5/20/2018 22:49
FV4300,1/14/2020 22:00
B41677,3/7/2019 13:12
CL7540,7/9/2018 11:46
F34944,9/1/2019 15:06
CL7625,5/21/2018 14:37
CL7510,12/13/2018 8:07
CL7512,6/30/2018 7:53
EE9894,6/4/2019 16:47
F35606,8/11/2019 16:08
CK9842,10/5/2019 8:51
CK9810,12/16/2018 17:45
CK9787,3/16/2020 15:15
CK9812,
CL9975,4/15/2018 21:28
G26170,3/7/2018 16:03
F97258,4/3/2019 19:35
CL9980,9/24/2019 2:56
EG2066,6/17/2019 10:15
CL9981,10/27/2018 18:16
CM5995,8/24/2018 0:36
AC8133,11/19/2019 9:50
EE3656,3/21/2020 4:32
G27274,3/10/2020 13:06
G28372,1/1/2018 0:00
EG1188,4/8/2018 6:27
G27364,5/3/2018 20:01
G28583,8/21/2018 5:27
EF0582,6/1/2018 17:54
CL7522,8/27/2018 10:14
CM0040,11/27/2019 0:51
CL9940,8/17/2018 13:14
EE5107,8/13/2019 19:29
DA9853,8/1/2018 18:02
CG5675,12/17/2018 17:27
EE5357,6/12/2019 19:39
CL7641,3/28/2019 20:04
EE5451,11/26/2018 23:45
CK9458,11/29/2019 16:03
EE4444,9/16/2019 19:49
G28970,7/10/2018 6:12
DB3021,12/29/2018 16:29
EE6378,10/4/2018 13:19
BB9890,
EF2511,1/2/2018 11:33
F36393,10/15/2019 11:07
CL7275,10/28/2018 4:48
EE7906,7/7/2018 0:31
EE7908,8/28/2019 4:27
EE7681,2/10/2019 14:07
EE7680,3/7/2020 6:06
EF5887,2/18/2020 15:27
EE9675,12/9/2018 6:41
EG8323,8/25/2019 19:50
FV4417,
EG3493,1/30/2018 3:09
EE9717,10/18/2018 15:42
CM4938,8/3/2019 21:10
G27276,4/10/2019 9:35
B37789,5/7/2019 1:29
F36993,4/3/2018 5:19
CM4773,2/14/2019 6:20
BB1879,10/28/2018 14:01
BB1878,7/29/2018 4:27
BA9109,
BB6079,4/13/2018 8:54
BY2405,2/2/2019 16:31
CJ8985,9/21/2019 10:25
CL9949,7/27/2018 16:54
CM0041,
CK1083,10/27/2019 16:44
CL0213,3/27/2018 7:25
B43659,
BC0516,1/13/2019 0:08
BB9426,2/24/2019 0:42
F34426,3/5/2019 12:29
BD7810,12/11/2018 21:53
B44699,10/17/2018 10:44
EF8373,2/22/2020 20:50
EG7971,6/17/2019 14:12
EG7972,4/11/2020 11:24
AQ0106,4/3/2018 19:48
F34813,11/27/2018 15:33
EE7379,1/23/2019 1:05
EE9631,7/22/2019 7:39
CK9819,12/22/2019 9:09
EH1172,10/16/2019 5:33
EE9635,8/23/2019 15:10
EF9612,3/10/2019 13:37
EH1851,2/4/2019 15:55
EG1713,1/10/2020 21:53
CM5923,1/18/2020 18:10
CM5942,2/23/2018 19:39
CM5932,
CM5937,6/30/2019 3:43
CM5933,5/28/2018 15:09
CM5924,8/7/2018 17:33
CM5938,
EG4344,3/2/2019 10:45
EG5839,9/6/2019 7:01
EF8850,7/1/2018 20:45
CL9957,3/14/2018 20:32
B37704,10/19/2019 8:36
CL9964,3/5/2020 21:11
EF0804,11/9/2019 7:34
EG1144,5/21/2019 2:33
EG1146,12/17/2019 19:52
EH1531,
EE4316,
EG1393,9/25/2018 16:01
EG0978,
EG0959,8/9/2018 7:44
EE4185,3/12/2018 15:52
EG0693,
EF1043,3/17/2019 11:31
EH1530,6/24/2019 22:38
DB3145,12/9/2018 15:54
CL7378,5/3/2018 17:23
EG1391,5/16/2018 21:23
FV4284,12/24/2018 16:40
EG0695,10/11/2019 0:28
EE5403,8/2/2018 20:22
F35565,2/23/2019 20:45
EE4935,11/24/2019 14:55
F36392,10/2/2018 11:17
EE5597,11/22/2018 10:28
EG4370,5/4/2018 1:17
EE7888,7/11/2019 18:51
DB0156,2/8/2020 21:05
EE7686,3/28/2019 18:45
D96523,4/29/2018 10:41
EG3278,9/25/2018 8:07
EF6989,8/16/2019 14:38
D96524,7/21/2018 17:23
F35626,
F35629,3/7/2020 4:47
F35619,1/29/2020 14:52
EF1162,10/30/2018 23:57
G27244,3/31/2019 7:19
CP9196,2/10/2020 23:07
CP9028,9/3/2018 8:08
CP8933,9/21/2018 0:06
CP9029,5/22/2018 1:09
BB9345,7/29/2018 16:18
DB2064,1/19/2020 6:01
DB2188,10/13/2018 4:02
DB2125,
DA9588,12/23/2018 14:20
DB2080,4/9/2020 12:00
DB2463,7/7/2018 17:38
DB2166,8/21/2018 6:46
BB9185,6/14/2018 0:50
BC0552,2/2/2018 14:06
BC0316,2/10/2019 22:01
BB9375,
D97992,3/9/2018 4:55
BB8113,8/24/2018 5:52
B43665,8/23/2018 12:45
BB9188,9/8/2019 2:28
EE7042,2/20/2020 0:22
BB6280,10/11/2018 0:41
CK9455,1/26/2018 14:53
CG4019,4/23/2018 16:26
F35784,12/21/2019 19:59
BB6291,4/13/2019 12:38
CQ3176,11/8/2019 6:33
D97306,2/19/2020 17:47
D97451,6/7/2019 10:37
CK9859,7/18/2019 15:26
G28832,7/8/2018 23:55
EF5431,5/11/2019 21:21
F34393,6/13/2019 18:02
EF4258,4/2/2019 0:08
CM5970,9/2/2018 22:55
AQ0533,5/29/2018 20:07
EG4958,5/9/2019 21:57
280648,5/1/2019 0:39
288022,10/2/2019 11:04
CK9857,6/11/2018 13:35
CL9944,11/22/2019 1:02
FW0536,11/6/2019 17:41
EF0709,4/7/2018 1:29
BB6351,1/21/2018 16:23
FU8299,6/26/2019 14:08
CK9684,8/14/2019 13:55
DB2071,10/14/2018 11:38
BB9335,6/11/2018 16:13
F36199,12/6/2019 20:32
FV8788,4/3/2019 20:54
EE6255,3/18/2018 19:20
EE9845,1/29/2019 21:40
EF0416,6/23/2018 9:59
EF3830,4/25/2018 3:59
EG3106,7/29/2018 8:24
EG3667,8/24/2019 0:23
FV3907,5/8/2018 14:34
CM4815,11/29/2018 17:35
FV4287,7/14/2018 14:13
FV4291,12/10/2018 2:26
BY9260,7/12/2018 17:27
BB5478,5/16/2019 2:44
CM4832,7/1/2019 13:57
AQ8531,11/6/2018 4:44
G27706,5/4/2019 7:39
CK9655,2/24/2019 12:33
EF4690,12/24/2019 8:33
EF4689,9/14/2018 16:41
EG4959,3/1/2019 8:25
F35611,7/25/2019 6:45
FV3017,12/16/2018 5:54
FV2807,8/7/2019 21:17
EG3284,
F35383,1/7/2020 1:43
F34412,3/10/2019 20:12
EE9663,4/20/2019 3:57
CQ2332,8/30/2019 11:45
EE7744,8/13/2018 10:29
EE7801,4/11/2020 4:49
EF5945,2/21/2018 18:56
FV4649,12/23/2019 22:01
EF5891,5/6/2018 16:29
EF5884,12/1/2018 16:59
EH0169,10/21/2019 8:00
EG7964,9/12/2019 1:16
FV3023,4/23/2018 13:48
EH0175,7/15/2018 11:17
BB9347,
FV2872,11/25/2019 2:46
CP8971,2/16/2019 7:03
F35341,8/5/2018 3:40
FX4259,10/23/2018 15:31
BB9367,3/21/2020 20:20
CG6830,4/8/2018 5:08
BB8090,10/18/2018 1:13
EF8368,8/7/2018 12:17
EE7695,10/25/2019 0:13
EG6208,11/27/2019 16:39
EE7678,11/6/2018 2:06
EF1357,3/9/2020 22:37
G27367,1/14/2018 22:26
EF1240,4/7/2018 21:14
EF8287,2/21/2019 0:17
EF8292,5/24/2019 13:30
EF2380,2/22/2019 13:09
CM4816,10/7/2019 5:37
CM4936,5/31/2018 16:53
FW5354,9/4/2019 10:15
FW8153,2/4/2020 5:10
CM4881,9/3/2018 18:40
F34408,10/1/2019 21:54
CL7362,2/16/2019 7:03
F35594,3/13/2020 12:12
EF9237,6/26/2018 5:08
CG6465,12/23/2018 16:58
B43739,1/9/2019 9:14
F35316,9/6/2019 18:52
EE5803,1/23/2020 11:24
EG3730,3/14/2018 0:47
CM6084,2/8/2020 18:27
EF4261,7/30/2019 13:09
FW2154,10/23/2018 3:40
CL7640,10/10/2019 16:34
G26989,4/2/2020 18:03
EE7720,9/24/2019 17:25
B37698,3/29/2018 4:11
CM6072,7/25/2019 19:55
CK9795,2/22/2019 19:44
FU8940,6/12/2018 1:26
CL9923,1/30/2018 9:44
BY4027,6/28/2019 20:07
F35621,
EE9554,11/29/2018 21:32
B37697,
FV7538,8/14/2019 13:55
D97436,
EE7692,9/20/2019 2:49
EE9664,12/21/2019 2:52
EE6036,8/25/2018 2:56
FV7536,12/27/2018 14:27
EH0151,
CM5985,6/5/2019 21:45
CM5951,1/9/2018 1:33
CM5952,4/9/2019 4:37
CM5964,1/11/2018 3:35
EF1343,7/17/2018 6:44
EF4343,7/17/2019 13:06
B44142,8/18/2019 12:43
EE4320,3/29/2020 21:53
CL0252,7/6/2018 4:46
EE7904,3/7/2018 16:03
CM4885,8/11/2019 10:52
BY4061,7/25/2019 18:36
G26565,8/26/2019 6:22
F36333,5/8/2019 18:18
CL9986,11/6/2019 12:25
EF8210,2/4/2020 1:13
CL9976,11/12/2019 19:50
EE4805,3/12/2018 14:33
EF1814,8/10/2019 3:16
EG0953,8/3/2018 6:54
CM5915,9/26/2018 18:21
G27504,2/3/2019 1:44
BD7819,2/26/2018 1:38
EF4260,4/18/2018 16:37
EF4001,4/11/2020 10:05
EF4262,12/6/2019 3:25
EF5432,12/26/2019 4:00
EF4028,3/31/2019 13:54
EG8354,9/6/2019 3:04
EG8355,8/7/2019 10:45
CM4551,10/23/2019 8:43
FV3018,4/15/2018 16:12
EE4324,2/3/2020 18:38
F34469,10/1/2019 23:13
F35381,9/11/2018 5:44
B96558,2/22/2018 6:47
BA7376,3/23/2019 21:34
B37435,10/22/2019 1:07
F36334,
CL7338,2/26/2018 14:48
CQ1108,10/29/2018 1:52
FV4083,9/27/2018 23:19
CK1084,
CQ1129,7/13/2019 9:02
CQ1114,
B22729,6/22/2019 11:23
F36236,4/12/2020 8:28
F36232,7/9/2018 1:14
DB3555,2/2/2018 4:53
B42259,6/5/2019 3:19
B22728,3/9/2019 8:39
B27818,2/27/2019 15:36
B22721,1/22/2020 7:45
B22726,3/30/2019 8:56
B22762,1/2/2020 21:39
B41486,2/12/2018 9:47
B41686,6/29/2019 17:11
B41776,9/19/2019 12:20
F36221,9/29/2019 9:20
B22790,
BD7809,7/4/2019 22:16
EG1212,3/1/2020 3:57
EG1346,11/29/2019 17:22
DB1347,1/25/2019 18:55
F35595,5/4/2018 21:02
B96569,8/29/2019 23:54
F35593,12/9/2019 23:35
EF2099,10/19/2018 0:55
G27132,8/3/2019 1:25
DB3389,7/7/2018 15:00
EF1649,10/6/2019 12:30
EF1698,3/22/2020 0:17
EF2208,5/30/2019 7:45
EG0964,4/3/2019 11:41
EG7202,11/24/2018 5:55
EG7130,2/8/2018 4:24
FU8926,
EF1707,9/26/2018 11:46
G54739,6/13/2018 5:05
B44705,6/29/2018 9:30
DA8693,3/24/2019 2:50
CM0105,1/10/2020 4:46
F34611,6/23/2018 21:50
EG5933,
BB6574,11/18/2018 1:08
BD7878,10/16/2019 4:14
CK8040,1/24/2020 11:06
CK8037,7/12/2018 0:20
CK8039,
EE6254,12/9/2019 9:06
EE6081,9/23/2018 23:12
EE7383,5/3/2019 7:57
EE9665,12/21/2019 22:37
EE6111,1/14/2018 2:41
D97654,5/8/2019 6:27
EE6112,12/1/2019 19:24
CL9854,4/23/2018 3:16
EE4284,1/8/2019 22:42
EF0609,8/10/2019 15:07
CM0060,
G26566,11/23/2018 7:32
EF0500,4/18/2018 8:43
F34375,
EG1851,2/21/2018 3:08
BB7236,9/2/2019 9:32
CP9392,1/5/2019 17:01
F34573,3/14/2019 4:31
CL9853,
EF2378,12/16/2019 17:32
F34390,10/12/2018 4:20
CL9851,11/15/2019 16:18
F36412,3/11/2018 1:41
BB9425,10/18/2019 11:32
S78048,11/4/2018 4:01
G27463,4/2/2018 16:09
B44869,7/29/2018 7:05
CM0002,5/31/2019 16:40
EH1837,10/13/2019 6:27
EF2392,12/22/2018 0:09
EH0433,11/26/2018 17:10
EE4393,8/14/2018 16:46
EE9642,1/31/2020 7:41
EG0692,2/10/2018 2:29
F34376,8/23/2019 15:10
DA9997,9/18/2019 19:13
G28527,2/28/2018 14:12
CQ0443,2/7/2020 14:48
EE9555,3/13/2020 20:06
EE9027,
G28523,2/10/2020 15:13
DB3390,4/27/2019 15:01
BB9440,9/16/2019 2:42
CP8932,3/16/2020 13:56
D97959,5/23/2019 20:23
D97609,11/29/2019 16:03
BB9187,6/25/2018 0:10
AQ0407,2/2/2020 11:02
FW5366,7/19/2018 19:18
CJ8979,3/22/2018 12:52
B42099,3/22/2020 18:43
CM0042,5/19/2018 15:13
EE6814,
BD7927,3/3/2020 21:47
FU8296,12/26/2018 8:10
EE9576,1/28/2019 15:23
CM5914,12/7/2018 17:49
EF0893,11/30/2019 14:26
EG0979,2/14/2019 3:42
CK9797,10/21/2019 22:29
B37706,2/2/2019 23:06
CG6237,7/11/2019 5:41
AW4591,6/6/2019 14:52
DB3364,2/14/2020 4:48
F35234,1/9/2020 14:17
B37703,3/10/2019 9:40
D97441,8/13/2019 5:00
CM6023,6/28/2018 3:13
CM6022,4/14/2018 0:42
EH0166,2/22/2018 9:25
EG0429,2/7/2019 17:39
FU8298,9/4/2018 23:38
FV0033,3/4/2019 7:31
CL9987,1/19/2018 15:40
FU8297,3/9/2018 15:27
EF0573,3/17/2019 6:15
EG0755,2/21/2020 9:17
FW1970,
BD7865,1/30/2020 7:59
EG2211,8/26/2019 15:35
D69234,4/17/2018 9:01
EG2216,9/28/2019 17:32
EG2007,1/5/2018 0:07
CM6029,5/12/2019 3:56
EF2479,1/18/2020 16:51
EE9658,12/12/2019 8:12
CM6028,12/11/2019 9:49
EE7669,3/7/2020 0:50
CM6027,8/22/2018 18:19
EG2009,9/10/2019 8:27
CM6007,10/15/2018 19:14
CL9855,
EF3504,2/2/2020 4:27
EF0606,
M20324,6/11/2019 6:47
EG2659,1/1/2019 23:29
FW5445,3/18/2018 15:23
FW3136,1/13/2020 17:02
EH1106,12/30/2018 4:20
EH1943,7/13/2018 17:09
EG0773,2/9/2018 5:25
EG2799,1/5/2019 17:01
EF9919,2/11/2018 17:59
EE4599,4/6/2020 11:35
EF9866,8/17/2019 9:04
EF9908,10/7/2019 22:44
CM6031,6/7/2019 6:40
CM6012,5/4/2019 10:17
EF9926,8/12/2018 9:28
CM6013,2/13/2019 10:35
D96931,7/1/2019 3:25
BB3218,4/7/2020 2:04
EH1875,10/21/2019 8:00
CM6032,
EG0691,12/2/2019 13:50
G28220,3/31/2019 3:22
FW0525,8/28/2018 0:43
G26934,6/28/2019 17:29
EF3509,7/15/2018 0:45
EF3503,8/5/2018 3:40
EF3505,5/1/2018 8:46
CM6008,7/5/2018 16:55
BC0980,12/9/2018 2:44
EF9924,5/1/2019 7:14
CJ1646-600,9/13/2018 22:15
CT4328-101,12/15/2019 3:21
CI3482-200,9/11/2019 10:47
CD0479-200,10/22/2018 10:33
CZ6156-101,10/2/2019 13:42
CJ6314-146,10/5/2018 18:17
CI0808-100,10/8/2019 5:19
CJ0861-017,2/26/2018 9:32
AT8242-009,3/13/2018 7:40
CK2595-500,
CD0490-104,8/28/2019 20:15
315115-112,2/1/2020 0:48
AV5186-101,3/25/2020 2:01
CJ0860-668,6/1/2019 22:57
AJ6910-009,5/1/2019 4:36
BQ7043-668,3/18/2019 17:48
CK2608-100,2/11/2018 10:05
921733-104,
CJ1379-001,3/3/2019 6:30
CT1726-100,1/21/2019 13:32
CT4525-001,
923112-001,3/17/2018 10:25
BQ3381-600,8/24/2018 4:33
AO2982-076,5/15/2019 5:40
CJ0277-002,7/17/2019 13:06
AQ2730-009,4/3/2019 19:35
CT1030-100,10/19/2019 12:33
CK9671-001,1/13/2019 23:50
BQ4632-602,11/30/2018 13:20
CJ0280-001,7/15/2019 7:07
AR6374-402,12/10/2019 21:58
CU5646-001,8/1/2018 14:05
AR4543-013,11/1/2018 22:02
CI3707-100,1/3/2019 5:46
CQ9500-100,
CJ1642-002,1/20/2018 16:41
CD0888-002,2/6/2020 3:15
CI3868-001,8/25/2019 11:56
CJ0636-100,1/5/2020 23:23
852542-087,8/7/2018 5:42
CK2351-601,11/10/2018 23:17
BV0657-400,10/8/2018 13:26
AT8000-104,4/18/2019 12:27
554724-066,1/16/2020 0:20
CJ0619-100,2/8/2019 1:33
CJ0592-001,1/7/2019 16:25
CT3867-001,
CJ0267-001,
AT7998-104,10/4/2019 7:50
AT7898-104,10/8/2018 21:20
CD5086-500,2/13/2020 10:22
CJ0625-700,2/8/2018 22:50
CT4352-104,2/21/2020 2:42
CD3002-103,11/25/2019 15:56
CD3460-010,2/13/2020 1:09
CD3395-006,8/23/2019 2:00
CQ6569-001,7/31/2018 14:23
AT7997-606,5/18/2019 3:27
CI3708-700,5/8/2018 17:12
CT1104-700,12/11/2019 9:49
CD5007-102,9/3/2018 23:56
AT7995-104,
BV9977-101,3/12/2019 7:45
CD0200-003,5/16/2019 19:51
BQ3177-100,3/15/2019 17:23
DA4155-400,11/8/2019 13:08
CJ0773-010,1/27/2020 0:59
CQ0912-100,2/21/2019 5:33
CT1099-093,
CI1718-001,2/2/2019 2:02
CD0490-101,1/4/2019 2:50
AT7980-606,7/26/2019 3:49
BQ3202-011,3/18/2018 0:54
CD0113-400,2/21/2020 0:04
CQ2344-100,7/3/2019 9:24
AO4971-700,3/20/2019 15:53
AV2605-101,9/29/2019 21:11
AA1625-009,
CK3022-005,
AO7351-104,5/31/2018 20:50
AJ9515-001,1/4/2019 18:38
AO2434-101,9/9/2018 20:49
CJ0861-010,12/13/2019 0:00
AT1198-401,11/25/2018 9:34
AT7996-606,12/29/2019 20:13
CK2772-101,
AQ7477-009,
AQ5707-001,10/2/2018 8:39
BV4584-001,8/22/2019 22:03
CD6721-808,12/9/2019 14:22
AO0566-606,2/7/2018 8:39
AT5410-003,7/23/2018 11:31
BV6348-300,6/30/2019 19:31
CI3703-401,7/28/2019 17:42
AT7946-414,12/27/2018 18:24
BQ5401-001,3/23/2020 9:12
BV7725-500,5/15/2018 15:06
CU7623-002,2/22/2018 13:22
CK5669-400,11/22/2018 6:31
704939-103,10/16/2018 17:37
CD5050-400,10/2/2018 4:42
CK5836-100,6/18/2019 19:10
CI1396-600,3/17/2020 18:54
CD0916-001,2/18/2018 15:53
BV1507-001,3/1/2020 11:51
BQ6623-070,9/3/2019 21:05
CD4156-606,3/27/2018 20:35
CI3831-200,3/8/2018 17:04
AO1741-003,4/13/2019 17:54
AH8050-100,3/5/2019 17:45
CD4159-606,1/26/2018 4:21
CK4363-100,12/31/2019 5:08
CN8490-100,4/10/2019 0:22
CI9921-001,10/14/2018 11:38
AO3269-717,9/15/2019 3:00
CI9367-301,9/16/2018 16:05
AT7960-104,
AT8179-100,5/28/2019 12:18
AV3866-001,1/12/2018 21:43
AH1015-010,5/3/2019 0:03
AT5293-004,5/9/2018 3:44
AT7949-606,2/3/2020 4:09
AT6395-002,7/13/2018 6:37
CK6357-005,11/10/2018 14:04
AV5555-001,9/29/2019 9:20
310805-137,7/25/2019 17:17
130690-017,7/29/2019 21:21
CT1264-101,9/12/2019 1:16
CK5668-600,8/12/2018 6:50
BQ5427-401,3/23/2018 7:18
AQ7497-300,4/12/2018 14:28
CT4526-100,10/9/2018 1:17
AH7378-801,12/16/2019 8:19
CJ0404-001,1/18/2018 1:29
CI3871-300,4/6/2020 3:41
BQ2728-012,6/24/2019 18:41
CT3110-400,8/16/2018 12:13
CJ0270-601,12/27/2019 18:11
CT8919-700,9/27/2019 20:28
CT1020-001,10/9/2018 5:14
CD5082-001,6/26/2019 2:17
BV5739-500,
CW4286-100,3/28/2019 9:32
CD0887-201,4/5/2019 1:52
CD5028-900,2/22/2020 6:21
AJ6900-102,3/31/2019 17:51
CI9842-500,3/8/2019 14:13
CI0919-100,7/2/2019 3:07
CK7200-800,11/12/2019 18:31
487754-303,4/18/2019 9:49
AH7249-118,8/26/2019 9:00
CJ9684-001,6/20/2019 21:12
AO0354-108,10/20/2019 1:43
AT2863-100,
832528-001,8/9/2018 2:28
CD4371-001,5/1/2019 5:55
AQ8830-016,2/18/2018 23:47
AO9819-001,7/29/2019 16:05
AR3863-101,9/1/2018 16:38
CI3706-100,2/13/2019 17:10
AT1369-103,1/1/2019 19:32
AQ1189-009,12/7/2018 12:33
CU5133-600,1/20/2020 22:50
CK9670-100,7/23/2019 6:02
CI5546-100,7/30/2019 3:56
BQ6826-003,2/5/2018 10:34
CU0814-102,9/16/2019 1:23
AV4789-104,12/14/2019 4:58
CJ3312-001,1/31/2019 7:54
AR6631-004,1/21/2020 18:35
BQ6166-003,9/11/2019 22:38
CQ0492-001,
918193-700,3/11/2020 12:48
AQ0926-001,4/7/2018 6:45
AQ7489-008,10/22/2019 7:42
CD7070-009,11/27/2019 16:39
AH7857-009,12/7/2019 22:52
CT5229-001,5/1/2019 12:30
CJ1300-401,
880848-005,5/3/2018 18:42
AT8240-003,7/23/2018 11:31
942851-002,3/21/2019 1:06
AR5677-200,10/10/2019 6:02
CI9949-001,11/10/2018 3:32
AJ6959-717,1/24/2020 1:53
415445-102,5/10/2018 19:14
BQ5422-200,4/30/2018 22:14
AT7975-606,8/27/2018 11:33
553558-125,6/15/2018 18:58
AQ0925-002,7/29/2018 0:30
CD6404-800,11/16/2019 17:19
AQ4176-049,7/22/2019 12:55
CT3632-001,1/31/2018 2:51
CK2718-003,2/12/2020 10:40
AO2924-401,6/26/2018 15:40
AR4229-003,4/9/2018 7:28
AQ8306-407,3/2/2019 22:36
CD0881-104,4/8/2019 4:55
CT5342-007,5/22/2019 11:28
CI3705-600,
AQ7878-003,10/13/2018 21:09
AO0570-810,3/18/2019 15:10
CT5528-001,11/11/2019 4:20
CD7288-001,2/15/2019 0:46
BQ5435-703,5/19/2018 0:44
BV0612-001,10/23/2019 7:24
CD2182-001,5/27/2019 12:36
133000-106,8/21/2018 1:30
CJ0579-400,12/1/2019 14:08
BV0417-401,12/14/2019 10:14
AQ2203-003,2/23/2020 10:00
BV5502-600,12/31/2019 16:59
CD7005-001,10/18/2018 13:04
CD2803-001,1/2/2020 17:42
CJ6971-001,8/6/2018 0:44
AJ7695-100,4/11/2020 15:21
640744-016,9/24/2018 11:03
AQ2568-100,4/3/2020 3:16
CT2007-100,2/13/2020 23:32
CI3866-100,5/27/2018 16:46
CU8861-460,2/22/2018 1:31
AT6107-606,2/20/2020 1:41
CJ0219-400,3/25/2018 11:58
BQ5615-002,11/30/2018 13:20
BQ3448-400,2/2/2019 0:43
BV6344-001,5/14/2018 16:43
CQ6639-001,5/31/2018 1:05
AO2132-401,4/6/2019 14:44
CD4363-103,1/14/2018 9:16
CI3794-600,5/26/2018 14:26
CK4126-001,10/10/2019 15:15
CQ3317-001,
AA8030-108,
AO3622-006,6/2/2019 18:42
AT7967-104,6/28/2019 12:13
343881-412,5/4/2019 10:17
AQ4312-107,11/11/2018 3:14
CD0188-101,4/4/2018 8:58
AA7406-006,6/29/2019 17:11
CD0917-300,4/12/2020 13:44
CI2666-400,12/7/2019 9:42
AT5301-003,1/23/2020 14:02
CD2153-001,9/15/2019 10:54
AT7324-001,8/5/2019 8:43
CJ0710-004,1/5/2020 4:57
CK1069-001,6/13/2018 15:37
CT3509-001,2/11/2019 20:24
CD0191-009,11/8/2019 22:21
AT3378-471,2/18/2020 23:21
CD6105-007,3/29/2018 2:52
CD4373-001,4/9/2018 21:57
CD4173-606,9/14/2018 3:31
AV1201-600,6/26/2018 20:56
AV6337-003,8/28/2019 5:46
CN6928-300,7/3/2019 10:43
CD4372-004,1/12/2019 12:17
AT5292-606,
AQ2456-007,6/12/2019 5:10
CJ0217-001,7/9/2019 18:08
315122-001,3/6/2020 1:08
CK0980-002,5/29/2018 5:38
AR4225-003,4/28/2019 22:37
CT3890-101,2/15/2020 20:18
AT7999-414,4/19/2018 15:00
CD4161-606,4/3/2018 5:19
CD2189-002,12/22/2019 21:00
CD6615-100,3/27/2019 8:31
AO2605-600,1/22/2018 5:33
864348-019,6/14/2018 15:19
BQ5808-100,
CN5501-046,4/3/2018 6:38
BQ5102-400,1/6/2018 22:12
CJ0588-001,
BV7774-100,4/3/2019 10:22
CI1694-300,3/24/2019 10:44
631261-035,12/7/2019 16:17
BQ4630-500,7/31/2018 11:45
AT6099-606,1/27/2018 0:06
AT5269-606,2/25/2018 20:22
CN7664-800,
CD4962-001,10/29/2019 18:46
AO4568-600,4/1/2019 22:49
705265-006,12/2/2019 20:25
CJ0266-001,4/5/2019 18:59
AA1636-406,2/24/2020 11:01
BQ5190-101,1/13/2020 13:05
CT2692-002,9/1/2018 16:38
AO0577-717,6/30/2019 3:43
CU3005-171,6/14/2018 0:50
AA8018-101,3/1/2020 14:29
AV6243-400,1/14/2020 6:12
CT2535-001,
BQ5430-401,10/2/2019 8:26
AQ0927-100,5/21/2019 20:59
AQ4126-100,11/8/2019 10:30
918194-003,1/22/2020 18:17
AO0578-717,1/29/2019 21:40
CK0986-002,4/11/2020 15:21
BQ5469-703,10/26/2018 8:02
CT5063-100,11/30/2019 15:45
488161-602,4/13/2018 18:07
528895-003,8/2/2018 21:41
CD4570-300,6/21/2018 0:03
BQ3203-007,3/30/2020 0:31
CU3013-070,11/5/2019 23:15
CD6720-808,10/2/2018 20:30
CJ5472-900,
315123-111,10/11/2018 16:29
849559-004,12/30/2018 4:20
AO3095-100,1/4/2020 21:03
AR8836-009,3/10/2019 5:43
CT5062-100,6/8/2019 2:25
CN2408-001,11/6/2018 16:35
414571-030,1/13/2019 22:31
CJ2586-100,12/22/2018 1:28
BQ5240-200,1/27/2018 11:57
CI1504-100,3/21/2020 16:23
CK2630-700,4/14/2018 21:46
CD5029-001,12/17/2019 14:36
CD0189-001,4/13/2019 20:32
CK1195-101,10/26/2018 17:15
CJ1292-401,6/2/2019 0:16
BQ8928-011,9/9/2019 7:26
BV5841-800,11/27/2019 0:51
CD4387-100,7/1/2018 14:10
BV1712-001,4/19/2018 3:09
BV7106-400,
AQ2210-002,7/1/2019 12:38
AQ2222-200,5/19/2019 1:50
BQ4430-400,5/6/2018 21:45
CD2717-001,
943806-602,6/30/2019 5:02
CN2932-100,10/16/2018 22:53
CI9994-001,9/19/2018 21:46
CN6916-100,11/7/2019 1:35
CU2708-901,6/28/2018 22:58
BQ6044-100,11/11/2019 4:20
CD4365-003,9/24/2018 7:06
749571-154,3/25/2018 13:17
CI3835-002,10/9/2019 12:55
CJ1306-401,9/8/2018 4:00
CW6565-900,
AO1742-004,6/26/2018 1:11
AT6109-606,6/27/2019 0:40
CD4172-606,6/20/2018 9:34
AR4561-200,5/27/2018 22:02
CD0132-001,9/17/2018 6:34
BV1357-003,2/10/2019 4:54
AT3381-008,11/23/2018 4:54
AT7978-414,7/11/2018 9:51
CJ6106-100,7/6/2019 8:30
CK0089-100,2/9/2018 21:13
CT7695-401,10/14/2019 21:57
AO3258-080,1/7/2019 19:03
BQ0129-106,3/1/2020 19:45
AQ0114-101,
AO1023-005,11/21/2018 6:49
CW4409-100,6/13/2018 16:56
BQ1896-002,5/15/2018 4:34
AO3116-004,
CI3870-100,1/30/2019 4:15
CI2668-004,1/16/2018 20:31
487471-003,1/31/2019 23:42
CT2584-100,10/19/2019 23:05
AQ5708-201,11/6/2018 20:32
AR5676-401,8/21/2019 23:40
AT6110-004,6/17/2019 22:06
AQ7491-008,6/22/2019 15:20
CI1291-400,12/24/2019 11:11
CN5455-160,1/6/2019 18:02
CD5036-100,4/11/2018 4:14
CQ6278-001,6/28/2018 19:01
CU3459-200,2/18/2018 23:47
BQ3610-100,3/20/2019 1:24
AT5303-100,1/29/2020 5:39
CK2531-001,
BQ3611-100,12/23/2019 0:57
CV5515-001,12/7/2019 22:52
AQ7487-201,
AQ1289-003,
881105-800,3/11/2019 9:22
CI7523-002,2/26/2020 1:12
CT7698-600,2/9/2018 15:57
BQ9665-301,1/8/2018 18:58
BV7766-100,12/15/2018 11:28
832655-001,5/7/2019 21:14
CK2719-400,5/23/2018 3:29
554724-050,8/19/2018 10:00
AO3189-600,9/2/2019 1:38
AQ2731-500,5/12/2019 17:06
AH1016-602,4/21/2018 23:37
AJ6844-007,7/20/2019 6:56
CN3591-002,5/16/2019 1:25
CI1214-004,3/10/2018 12:31
343880-090,1/24/2019 16:35
CQ7731-900,3/12/2020 23:02
CD4366-002,3/15/2019 13:26
CI5646-200,12/25/2019 9:34
CD4573-001,1/3/2020 14:46
BQ5613-001,6/4/2018 2:31
AT8241-002,6/23/2018 16:34
BQ4631-100,8/29/2018 8:19
AQ2567-002,1/28/2020 7:16
844127-108,2/2/2018 8:50
AT7993-414,9/14/2018 8:47
CK3309-001,3/21/2019 5:03
749747-010,6/8/2018 19:45
634835-108,2/5/2019 2:27
366731-100,12/1/2019 12:49
CD3398-063,11/30/2018 5:26
CT5064-001,6/16/2018 12:05
BQ4424-700,7/8/2018 13:23
AV4417-002,4/6/2020 18:10
AO0571-606,4/13/2018 12:51
AT6174-004,12/27/2019 1:04
AR7718-001,7/7/2018 11:03
AQ7488-004,4/24/2019 13:17
AV4126-002,5/7/2019 18:36
CK2085-002,3/23/2020 23:41
CU0675-300,7/26/2018 6:40
618919-031,6/22/2018 14:14
BQ8927-102,11/18/2019 10:08
921826-016,6/26/2019 8:52
CK3314-400,11/12/2019 18:31
BQ3378-002,2/19/2019 16:41
BV7754-001,12/7/2018 12:33
BV0415-300,5/24/2019 5:36
AR5149-005,8/1/2018 4:52
CQ7619-700,7/16/2018 21:31
AQ4174-049,2/20/2019 13:45
AJ1285-101,4/22/2019 13:53
AV6259-500,10/14/2019 8:47
AT5292-004,8/19/2018 13:57
812654-011,2/18/2019 14:21
CT5543-300,8/15/2018 0:40
CU9174-600,12/20/2019 4:29
CJ0509-001,11/8/2019 15:46
CK3312-001,8/21/2019 10:30
CT0624-100,10/17/2018 16:00
CJ9712-001,7/18/2019 3:35
CT1549-001,6/9/2018 14:11
CD0683-600,10/29/2019 18:46
BQ3212-600,11/3/2018 3:00
807471-101,12/22/2019 11:47
AT6175-100,11/10/2018 16:42
AH6789-023,8/7/2018 17:33
AT7996-414,4/27/2018 23:08
922474-001,3/5/2019 19:04
CI3898-200,
CJ0882-001,8/1/2019 13:52
BQ5467-101,10/17/2018 12:03
AO3267-080,1/3/2018 4:40
AQ7492-010,2/24/2018 2:14
CJ0220-400,8/22/2019 0:59
CQ6566-700,5/12/2019 7:53
AJ4115-060,12/4/2019 11:55
AQ1316-500,3/30/2020 3:09
BV5740-101,8/30/2018 10:39
CJ9681-001,3/22/2020 23:59
AT6817-300,11/24/2018 9:52
CD0431-107,7/22/2019 20:49
AV4052-116,5/22/2019 18:03
CK4122-100,7/30/2018 8:06
AQ7483-001,
CD8526-446,7/19/2018 23:15
CJ1292-703,11/18/2019 10:08
CI1396-004,8/15/2018 15:09
807471-103,4/2/2020 7:31
CJ1794-600,
CK6360-001,
CQ6549-001,6/24/2019 23:57
AR5339-002,5/19/2019 21:35
CD2053-105,6/3/2018 12:02
CI7395-100,5/16/2018 18:45
AT5673-700,4/19/2019 16:06
BV7775-100,3/28/2020 16:55
CI7815-602,3/30/2019 16:50
CJ0818-146,2/23/2018 15:42
CI1289-100,3/9/2018 6:14
CD7287-003,3/26/2020 9:37
AO2607-401,11/15/2019 9:43
AO3424-001,1/28/2018 5:04
BQ5972-001,10/3/2018 18:53
313358-006,10/6/2018 14:02
CI1290-100,1/23/2020 14:02
BV6484-002,9/20/2018 20:09
885118-001,6/11/2018 21:29
BV7099-400,4/1/2020 18:21
BV3387-400,9/12/2018 22:33
849560-001,2/15/2019 4:43
AA7408-008,7/23/2018 3:37
BQ9138-601,10/6/2019 13:49
AV5187-602,6/26/2018 15:40
AA0287-002,10/26/2019 18:21
BV7756-001,5/3/2018 6:51
AR6632-603,3/4/2020 20:10
AA1640-002,6/28/2019 18:48
AA8027-109,1/11/2020 12:22
AR4225-100,1/18/2020 6:19
CD6964-002,9/16/2019 6:39
CN7383-300,3/20/2018 16:06
CI7388-600,3/31/2019 12:35
BV7782-001,5/17/2019 5:04
CK2630-001,10/31/2019 20:48
CN6867-001,10/4/2018 2:47
BQ7978-001,11/25/2019 13:18
844896-002,11/9/2019 18:06
BQ6046-010,
CT5770-300,11/15/2019 16:18
CU3004-176,
CI3899-200,10/30/2018 17:22
BV0389-001,6/26/2019 20:43
CQ0989-002,10/22/2018 11:52
CI7379-400,
CN6881-300,
CI3869-500,4/12/2020 19:00
AV9370-001,3/22/2018 15:30
BV1134-001,10/20/2018 23:00
CT1531-001,2/7/2020 6:54
AR7410-603,1/24/2019 0:47
BQ5435-401,10/6/2018 0:52
812655-011,10/28/2018 16:39
325213-139,7/28/2018 15:17
AO9820-001,2/7/2018 23:08
AA1626-602,12/28/2019 6:02
AQ8228-102,12/6/2018 18:07
AH7858-010,6/15/2018 16:20
CI1246-302,4/9/2019 4:37
AO7353-105,5/8/2018 9:18
CI3709-001,10/21/2019 4:03
AA8022-107,11/20/2019 9:32
CK3321-100,2/20/2020 12:13
AO3108-018,11/4/2018 18:30
CQ2503-900,7/4/2019 13:03
AR9293-603,2/17/2020 3:54
BV0614-005,7/27/2018 10:19
CQ7620-001,10/3/2019 12:05
BV1021-007,6/8/2018 17:07
CJ0842-600,3/18/2019 3:19
AV9373-002,3/1/2018 9:57
807443-503,4/28/2018 17:34
AO3166-300,
CI3446-001,
AR4347-600,
CI3867-001,1/17/2020 11:53
CQ0278-200,
AT7968-606,3/1/2018 19:10
BV7757-500,2/22/2019 17:06
CD2722-001,3/31/2018 10:10
AT6100-606,
CT9155-063,2/8/2019 18:40
CI1236-100,2/19/2020 21:44
AH6799-300,2/28/2018 7:37
CJ9585-600,1/26/2019 21:15
